Date,Count_,TotalLengthOfStay,Category,ObjectId
2014-04-01 00:00:00+00:00,2024,40656,All Clients,1
2014-04-01 00:00:00+00:00,1382,24783,All Singles,2
2014-04-01 00:00:00+00:00,716,17276,Family Household Members,3
2014-04-01 00:00:00+00:00,647,15903,Family Member,4
2014-04-01 00:00:00+00:00,70,1403,Offsite/Overflow Singles,5
2014-04-01 00:00:00+00:00,830,14585,Mens Shelter,6
2014-04-01 00:00:00+00:00,219,3840,Womens Shelter,7
2014-04-01 00:00:00+00:00,248,2846,Mixed-Gender,8
2014-04-01 00:00:00+00:00,113,2109,Youth Shelter,9
2014-04-01 00:00:00+00:00,974,17613,Single Adult Males,10
2014-04-01 00:00:00+00:00,294,5031,Single Adult Females,11
2014-04-01 00:00:00+00:00,114,2139,Single Youth 18 Under,12
2014-04-01 00:00:00+00:00,186,15903,Family Units,13
2014-04-01 00:00:00+00:00,255,17276,Family Households,14
2014-08-01 00:00:00+00:00,2256,46128,All Clients,15
2014-08-01 00:00:00+00:00,1410,25425,All Singles,16
2014-08-01 00:00:00+00:00,905,21825,Family Household Members,17
2014-08-01 00:00:00+00:00,849,20709,Family Member,18
2014-08-01 00:00:00+00:00,57,1122,Offsite/Overflow Singles,19
2014-08-01 00:00:00+00:00,895,15155,Mens Shelter,20
2014-08-01 00:00:00+00:00,214,4039,Womens Shelter,21
2014-08-01 00:00:00+00:00,284,3113,Mixed-Gender,22
2014-08-01 00:00:00+00:00,83,1996,Youth Shelter,23
2014-08-01 00:00:00+00:00,1051,18363,Single Adult Males,24
2014-08-01 00:00:00+00:00,276,5131,Single Adult Females,25
2014-08-01 00:00:00+00:00,83,1931,Single Youth 18 Under,26
2014-08-01 00:00:00+00:00,258,20709,Family Units,27
2014-08-01 00:00:00+00:00,314,21825,Family Households,28
2014-12-01 00:00:00+00:00,2204,47914,All Clients,29
2014-12-01 00:00:00+00:00,1327,24910,All Singles,30
2014-12-01 00:00:00+00:00,934,24106,Family Household Members,31
2014-12-01 00:00:00+00:00,880,23046,Family Member,32
2014-12-01 00:00:00+00:00,56,1102,Offsite/Overflow Singles,33
2014-12-01 00:00:00+00:00,826,14906,Mens Shelter,34
2014-12-01 00:00:00+00:00,229,4247,Womens Shelter,35
2014-12-01 00:00:00+00:00,255,2758,Mixed-Gender,36
2014-12-01 00:00:00+00:00,100,1897,Youth Shelter,37
2014-12-01 00:00:00+00:00,943,17905,Single Adult Males,38
2014-12-01 00:00:00+00:00,292,5299,Single Adult Females,39
2014-12-01 00:00:00+00:00,92,1706,Single Youth 18 Under,40
2014-12-01 00:00:00+00:00,253,23046,Family Units,41
2014-12-01 00:00:00+00:00,307,24106,Family Households,42
2014-02-01 00:00:00+00:00,2009,39437,All Clients,43
2014-02-01 00:00:00+00:00,1303,22874,All Singles,44
2014-02-01 00:00:00+00:00,798,18139,Family Household Members,45
2014-02-01 00:00:00+00:00,716,16591,Family Member,46
2014-02-01 00:00:00+00:00,89,1576,Offsite/Overflow Singles,47
2014-02-01 00:00:00+00:00,780,13328,Mens Shelter,48
2014-02-01 00:00:00+00:00,211,3618,Womens Shelter,49
2014-02-01 00:00:00+00:00,217,2457,Mixed-Gender,50
2015-12-01 00:00:00+00:00,53,1119,Offsite/Overflow Singles,51
2015-12-01 00:00:00+00:00,811,14460,Mens Shelter,52
2015-12-01 00:00:00+00:00,218,3875,Womens Shelter,53
2015-12-01 00:00:00+00:00,248,2347,Mixed-Gender,54
2015-12-01 00:00:00+00:00,108,1937,Youth Shelter,55
2015-12-01 00:00:00+00:00,936,16979,Single Adult Males,56
2015-12-01 00:00:00+00:00,297,5323,Single Adult Females,57
2015-12-01 00:00:00+00:00,95,1436,Single Youth 18 Under,58
2015-12-01 00:00:00+00:00,233,20626,Family Units,59
2015-12-01 00:00:00+00:00,285,21745,Family Households,60
2015-02-01 00:00:00+00:00,2105,40938,All Clients,61
2015-02-01 00:00:00+00:00,1287,22393,All Singles,62
2015-02-01 00:00:00+00:00,863,19419,Family Household Members,63
2015-02-01 00:00:00+00:00,824,18579,Family Member,64
2015-02-01 00:00:00+00:00,41,874,Offsite/Overflow Singles,65
2015-02-01 00:00:00+00:00,825,13704,Mens Shelter,66
2015-02-01 00:00:00+00:00,213,3872,Womens Shelter,67
2015-02-01 00:00:00+00:00,215,2248,Mixed-Gender,68
2015-02-01 00:00:00+00:00,92,1695,Youth Shelter,69
2015-02-01 00:00:00+00:00,941,16306,Single Adult Males,70
2015-02-01 00:00:00+00:00,280,4990,Single Adult Females,71
2015-02-01 00:00:00+00:00,66,1097,Single Youth 18 Under,72
2015-02-01 00:00:00+00:00,230,18579,Family Units,73
2015-02-01 00:00:00+00:00,269,19419,Family Households,74
2015-01-01 00:00:00+00:00,2160,47463,All Clients,75
2015-01-01 00:00:00+00:00,1295,25393,All Singles,76
2015-01-01 00:00:00+00:00,924,23056,Family Household Members,77
2015-01-01 00:00:00+00:00,872,22081,Family Member,78
2015-01-01 00:00:00+00:00,53,986,Offsite/Overflow Singles,79
2015-01-01 00:00:00+00:00,822,15549,Mens Shelter,80
2015-01-01 00:00:00+00:00,204,4363,Womens Shelter,81
2015-01-01 00:00:00+00:00,229,2666,Mixed-Gender,82
2015-01-01 00:00:00+00:00,98,1829,Youth Shelter,83
2015-01-01 00:00:00+00:00,948,18473,Single Adult Males,84
2015-01-01 00:00:00+00:00,279,5718,Single Adult Females,85
2015-01-01 00:00:00+00:00,68,1202,Single Youth 18 Under,86
2015-01-01 00:00:00+00:00,252,22081,Family Units,87
2015-01-01 00:00:00+00:00,304,23056,Family Households,88
2015-07-01 00:00:00+00:00,2195,43575,All Clients,89
2015-07-01 00:00:00+00:00,1342,23749,All Singles,90
2015-07-01 00:00:00+00:00,904,20794,Family Household Members,91
2015-07-01 00:00:00+00:00,854,19857,Family Member,92
2015-07-01 00:00:00+00:00,51,968,Offsite/Overflow Singles,93
2015-07-01 00:00:00+00:00,823,14170,Mens Shelter,94
2015-07-01 00:00:00+00:00,218,3748,Womens Shelter,95
2015-07-01 00:00:00+00:00,265,2944,Mixed-Gender,96
2015-07-01 00:00:00+00:00,99,1919,Youth Shelter,97
2015-07-01 00:00:00+00:00,955,17187,Single Adult Males,98
2015-07-01 00:00:00+00:00,300,5180,Single Adult Females,99
2015-07-01 00:00:00+00:00,87,1382,Single Youth 18 Under,100
2014-10-01 00:00:00+00:00,285,5299,Single Adult Females,101
2014-10-01 00:00:00+00:00,90,1599,Single Youth 18 Under,102
2014-10-01 00:00:00+00:00,274,23783,Family Units,103
2014-10-01 00:00:00+00:00,330,24808,Family Households,104
2014-09-01 00:00:00+00:00,2246,46924,All Clients,105
2014-09-01 00:00:00+00:00,1357,24730,All Singles,106
2014-09-01 00:00:00+00:00,953,23388,Family Household Members,107
2014-09-01 00:00:00+00:00,896,22247,Family Member,108
2014-09-01 00:00:00+00:00,60,1194,Offsite/Overflow Singles,109
2014-09-01 00:00:00+00:00,847,14624,Mens Shelter,110
2014-09-01 00:00:00+00:00,207,4095,Womens Shelter,111
2014-09-01 00:00:00+00:00,283,2896,Mixed-Gender,112
2014-09-01 00:00:00+00:00,95,1921,Youth Shelter,113
2014-09-01 00:00:00+00:00,992,17652,Single Adult Males,114
2014-09-01 00:00:00+00:00,271,5229,Single Adult Females,115
2014-09-01 00:00:00+00:00,94,1849,Single Youth 18 Under,116
2014-09-01 00:00:00+00:00,273,22247,Family Units,117
2014-09-01 00:00:00+00:00,330,23388,Family Households,118
2015-04-01 00:00:00+00:00,1997,40846,All Clients,119
2015-04-01 00:00:00+00:00,1303,23344,All Singles,120
2015-04-01 00:00:00+00:00,744,18385,Family Household Members,121
2015-04-01 00:00:00+00:00,697,17532,Family Member,122
2015-04-01 00:00:00+00:00,48,883,Offsite/Overflow Singles,123
2015-04-01 00:00:00+00:00,813,14354,Mens Shelter,124
2015-04-01 00:00:00+00:00,225,3848,Womens Shelter,125
2015-04-01 00:00:00+00:00,255,2392,Mixed-Gender,126
2015-04-01 00:00:00+00:00,93,1867,Youth Shelter,127
2015-04-01 00:00:00+00:00,939,16868,Single Adult Males,128
2015-04-01 00:00:00+00:00,295,5213,Single Adult Females,129
2015-04-01 00:00:00+00:00,69,1263,Single Youth 18 Under,130
2015-04-01 00:00:00+00:00,194,17532,Family Units,131
2015-04-01 00:00:00+00:00,241,18385,Family Households,132
2015-08-01 00:00:00+00:00,2239,45084,All Clients,133
2015-08-01 00:00:00+00:00,1335,24127,All Singles,134
2015-08-01 00:00:00+00:00,960,21969,Family Household Members,135
2015-08-01 00:00:00+00:00,908,21018,Family Member,136
2015-08-01 00:00:00+00:00,54,1012,Offsite/Overflow Singles,137
2015-08-01 00:00:00+00:00,828,14505,Mens Shelter,138
2015-08-01 00:00:00+00:00,198,3949,Womens Shelter,139
2015-08-01 00:00:00+00:00,266,2821,Mixed-Gender,140
2015-08-01 00:00:00+00:00,94,1840,Youth Shelter,141
2015-08-01 00:00:00+00:00,984,17388,Single Adult Males,142
2015-08-01 00:00:00+00:00,279,5397,Single Adult Females,143
2015-08-01 00:00:00+00:00,72,1342,Single Youth 18 Under,144
2015-08-01 00:00:00+00:00,249,21018,Family Units,145
2015-08-01 00:00:00+00:00,301,21969,Family Households,146
2015-12-01 00:00:00+00:00,2151,44364,All Clients,147
2015-12-01 00:00:00+00:00,1328,23738,All Singles,148
2015-12-01 00:00:00+00:00,878,21745,Family Household Members,149
2015-12-01 00:00:00+00:00,825,20626,Family Member,150
2014-03-01 00:00:00+00:00,726,18259,Family Household Members,151
2014-03-01 00:00:00+00:00,645,16602,Family Member,152
2014-03-01 00:00:00+00:00,82,1688,Offsite/Overflow Singles,153
2014-03-01 00:00:00+00:00,824,14890,Mens Shelter,154
2014-03-01 00:00:00+00:00,209,3906,Womens Shelter,155
2014-03-01 00:00:00+00:00,230,2728,Mixed-Gender,156
2014-03-01 00:00:00+00:00,101,2121,Youth Shelter,157
2014-03-01 00:00:00+00:00,923,17915,Single Adult Males,158
2014-03-01 00:00:00+00:00,281,5299,Single Adult Females,159
2014-03-01 00:00:00+00:00,98,2119,Single Youth 18 Under,160
2014-03-01 00:00:00+00:00,184,16602,Family Units,161
2014-03-01 00:00:00+00:00,265,18259,Family Households,162
2014-05-01 00:00:00+00:00,2117,43139,All Clients,163
2014-05-01 00:00:00+00:00,1449,25740,All Singles,164
2014-05-01 00:00:00+00:00,740,18735,Family Household Members,165
2014-05-01 00:00:00+00:00,678,17426,Family Member,166
2014-05-01 00:00:00+00:00,65,1336,Offsite/Overflow Singles,167
2014-05-01 00:00:00+00:00,908,15333,Mens Shelter,168
2014-05-01 00:00:00+00:00,226,4033,Womens Shelter,169
2014-05-01 00:00:00+00:00,266,2932,Mixed-Gender,170
2014-05-01 00:00:00+00:00,108,2106,Youth Shelter,171
2014-05-01 00:00:00+00:00,1044,18416,Single Adult Males,172
2014-05-01 00:00:00+00:00,297,5220,Single Adult Females,173
2014-05-01 00:00:00+00:00,108,2104,Single Youth 18 Under,174
2014-05-01 00:00:00+00:00,201,17426,Family Units,175
2014-05-01 00:00:00+00:00,264,18735,Family Households,176
2014-11-01 00:00:00+00:00,2282,48351,All Clients,177
2014-11-01 00:00:00+00:00,1355,25225,All Singles,178
2014-11-01 00:00:00+00:00,992,24330,Family Household Members,179
2014-11-01 00:00:00+00:00,934,23186,Family Member,180
2014-11-01 00:00:00+00:00,61,1204,Offsite/Overflow Singles,181
2014-11-01 00:00:00+00:00,859,15267,Mens Shelter,182
2014-11-01 00:00:00+00:00,205,4091,Womens Shelter,183
2014-11-01 00:00:00+00:00,259,2670,Mixed-Gender,184
2014-11-01 00:00:00+00:00,98,1993,Youth Shelter,185
2014-11-01 00:00:00+00:00,989,18252,Single Adult Males,186
2014-11-01 00:00:00+00:00,271,5261,Single Adult Females,187
2014-11-01 00:00:00+00:00,95,1712,Single Youth 18 Under,188
2014-11-01 00:00:00+00:00,275,23186,Family Units,189
2014-11-01 00:00:00+00:00,334,24330,Family Households,190
2014-10-01 00:00:00+00:00,2311,49407,All Clients,191
2014-10-01 00:00:00+00:00,1409,25686,All Singles,192
2014-10-01 00:00:00+00:00,960,24808,Family Household Members,193
2014-10-01 00:00:00+00:00,904,23783,Family Member,194
2014-10-01 00:00:00+00:00,58,1087,Offsite/Overflow Singles,195
2014-10-01 00:00:00+00:00,904,15706,Mens Shelter,196
2014-10-01 00:00:00+00:00,215,4150,Womens Shelter,197
2014-10-01 00:00:00+00:00,261,2788,Mixed-Gender,198
2014-10-01 00:00:00+00:00,96,1955,Youth Shelter,199
2014-10-01 00:00:00+00:00,1034,18788,Single Adult Males,200
2014-02-01 00:00:00+00:00,95,1895,Youth Shelter,201
2014-02-01 00:00:00+00:00,905,15881,Single Adult Males,202
2014-02-01 00:00:00+00:00,297,5044,Single Adult Females,203
2014-02-01 00:00:00+00:00,101,1949,Single Youth 18 Under,204
2014-02-01 00:00:00+00:00,204,16591,Family Units,205
2014-02-01 00:00:00+00:00,292,18139,Family Households,206
2014-01-01 00:00:00+00:00,2094,45026,All Clients,207
2014-01-01 00:00:00+00:00,1390,26446,All Singles,208
2014-01-01 00:00:00+00:00,801,20706,Family Household Members,209
2014-01-01 00:00:00+00:00,716,18638,Family Member,210
2014-01-01 00:00:00+00:00,97,2126,Offsite/Overflow Singles,211
2014-01-01 00:00:00+00:00,863,15335,Mens Shelter,212
2014-01-01 00:00:00+00:00,217,4051,Womens Shelter,213
2014-01-01 00:00:00+00:00,242,2873,Mixed-Gender,214
2014-01-01 00:00:00+00:00,104,2061,Youth Shelter,215
2014-01-01 00:00:00+00:00,986,18510,Single Adult Males,216
2014-01-01 00:00:00+00:00,298,5765,Single Adult Females,217
2014-01-01 00:00:00+00:00,106,2171,Single Youth 18 Under,218
2014-01-01 00:00:00+00:00,208,18638,Family Units,219
2014-01-01 00:00:00+00:00,302,20706,Family Households,220
2014-07-01 00:00:00+00:00,2187,44077,All Clients,221
2014-07-01 00:00:00+00:00,1412,25284,All Singles,222
2014-07-01 00:00:00+00:00,845,20008,Family Household Members,223
2014-07-01 00:00:00+00:00,782,18793,Family Member,224
2014-07-01 00:00:00+00:00,63,1215,Offsite/Overflow Singles,225
2014-07-01 00:00:00+00:00,891,15053,Mens Shelter,226
2014-07-01 00:00:00+00:00,212,3994,Womens Shelter,227
2014-07-01 00:00:00+00:00,261,3054,Mixed-Gender,228
2014-07-01 00:00:00+00:00,105,1968,Youth Shelter,229
2014-07-01 00:00:00+00:00,1033,18206,Single Adult Males,230
2014-07-01 00:00:00+00:00,278,5179,Single Adult Females,231
2014-07-01 00:00:00+00:00,101,1899,Single Youth 18 Under,232
2014-07-01 00:00:00+00:00,241,18793,Family Units,233
2014-07-01 00:00:00+00:00,303,20008,Family Households,234
2014-06-01 00:00:00+00:00,2110,42389,All Clients,235
2014-06-01 00:00:00+00:00,1370,24539,All Singles,236
2014-06-01 00:00:00+00:00,816,19137,Family Household Members,237
2014-06-01 00:00:00+00:00,742,17850,Family Member,238
2014-06-01 00:00:00+00:00,74,1287,Offsite/Overflow Singles,239
2014-06-01 00:00:00+00:00,839,14535,Mens Shelter,240
2014-06-01 00:00:00+00:00,217,3904,Womens Shelter,241
2014-06-01 00:00:00+00:00,243,2786,Mixed-Gender,242
2014-06-01 00:00:00+00:00,106,2027,Youth Shelter,243
2014-06-01 00:00:00+00:00,972,17456,Single Adult Males,244
2014-06-01 00:00:00+00:00,289,5082,Single Adult Females,245
2014-06-01 00:00:00+00:00,109,2001,Single Youth 18 Under,246
2014-06-01 00:00:00+00:00,227,17850,Family Units,247
2014-06-01 00:00:00+00:00,300,19137,Family Households,248
2014-03-01 00:00:00+00:00,1942,41904,All Clients,249
2014-03-01 00:00:00+00:00,1302,25333,All Singles,250
2015-07-01 00:00:00+00:00,224,19857,Family Units,251
2015-07-01 00:00:00+00:00,274,20794,Family Households,252
2015-06-01 00:00:00+00:00,2129,40713,All Clients,253
2015-06-01 00:00:00+00:00,1310,22704,All Singles,254
2015-06-01 00:00:00+00:00,879,19199,Family Household Members,255
2015-06-01 00:00:00+00:00,827,18049,Family Member,256
2015-06-01 00:00:00+00:00,54,1190,Offsite/Overflow Singles,257
2015-06-01 00:00:00+00:00,783,13403,Mens Shelter,258
2015-06-01 00:00:00+00:00,213,3625,Womens Shelter,259
2015-06-01 00:00:00+00:00,256,2624,Mixed-Gender,260
2015-06-01 00:00:00+00:00,101,1862,Youth Shelter,261
2015-06-01 00:00:00+00:00,919,16214,Single Adult Males,262
2015-06-01 00:00:00+00:00,307,5097,Single Adult Females,263
2015-06-01 00:00:00+00:00,84,1393,Single Youth 18 Under,264
2015-06-01 00:00:00+00:00,224,18049,Family Units,265
2015-06-01 00:00:00+00:00,276,19199,Family Households,266
2015-03-01 00:00:00+00:00,2037,42481,All Clients,267
2015-03-01 00:00:00+00:00,1274,23861,All Singles,268
2015-03-01 00:00:00+00:00,824,19439,Family Household Members,269
2015-03-01 00:00:00+00:00,767,18676,Family Member,270
2015-03-01 00:00:00+00:00,59,819,Offsite/Overflow Singles,271
2015-03-01 00:00:00+00:00,816,14968,Mens Shelter,272
2015-03-01 00:00:00+00:00,200,4034,Womens Shelter,273
2015-03-01 00:00:00+00:00,224,2196,Mixed-Gender,274
2015-03-01 00:00:00+00:00,91,1844,Youth Shelter,275
2015-03-01 00:00:00+00:00,929,17376,Single Adult Males,276
2015-03-01 00:00:00+00:00,278,5308,Single Adult Females,277
2015-03-01 00:00:00+00:00,67,1177,Single Youth 18 Under,278
2015-03-01 00:00:00+00:00,212,18676,Family Units,279
2015-03-01 00:00:00+00:00,269,19439,Family Households,280
2015-05-01 00:00:00+00:00,2014,40843,All Clients,281
2015-05-01 00:00:00+00:00,1336,23730,All Singles,282
2015-05-01 00:00:00+00:00,739,18230,Family Household Members,283
2015-05-01 00:00:00+00:00,682,17150,Family Member,284
2015-05-01 00:00:00+00:00,59,1117,Offsite/Overflow Singles,285
2015-05-01 00:00:00+00:00,806,14270,Mens Shelter,286
2015-05-01 00:00:00+00:00,220,3719,Womens Shelter,287
2015-05-01 00:00:00+00:00,273,2656,Mixed-Gender,288
2015-05-01 00:00:00+00:00,106,1968,Youth Shelter,289
2015-05-01 00:00:00+00:00,949,17035,Single Adult Males,290
2015-05-01 00:00:00+00:00,305,5236,Single Adult Females,291
2015-05-01 00:00:00+00:00,82,1459,Single Youth 18 Under,292
2015-05-01 00:00:00+00:00,187,17150,Family Units,293
2015-05-01 00:00:00+00:00,244,18230,Family Households,294
2015-11-01 00:00:00+00:00,2234,45449,All Clients,295
2015-11-01 00:00:00+00:00,1357,23519,All Singles,296
2015-11-01 00:00:00+00:00,933,22976,Family Household Members,297
2015-11-01 00:00:00+00:00,884,21934,Family Member,298
2015-11-01 00:00:00+00:00,50,1046,Offsite/Overflow Singles,299
2015-11-01 00:00:00+00:00,860,14345,Mens Shelter,300
2015-11-01 00:00:00+00:00,202,3931,Womens Shelter,301
2015-11-01 00:00:00+00:00,256,2329,Mixed-Gender,302
2015-11-01 00:00:00+00:00,95,1868,Youth Shelter,303
2015-11-01 00:00:00+00:00,991,16846,Single Adult Males,304
2015-11-01 00:00:00+00:00,283,5276,Single Adult Females,305
2015-11-01 00:00:00+00:00,83,1397,Single Youth 18 Under,306
2015-11-01 00:00:00+00:00,250,21934,Family Units,307
2015-11-01 00:00:00+00:00,299,22976,Family Households,308
2015-10-01 00:00:00+00:00,2364,49352,All Clients,309
2015-10-01 00:00:00+00:00,1407,24539,All Singles,310
2015-10-01 00:00:00+00:00,1020,25956,Family Household Members,311
2015-10-01 00:00:00+00:00,962,24844,Family Member,312
2015-10-01 00:00:00+00:00,59,1143,Offsite/Overflow Singles,313
2015-10-01 00:00:00+00:00,861,14865,Mens Shelter,314
2015-10-01 00:00:00+00:00,230,3830,Womens Shelter,315
2015-10-01 00:00:00+00:00,281,2758,Mixed-Gender,316
2015-10-01 00:00:00+00:00,100,1943,Youth Shelter,317
2015-10-01 00:00:00+00:00,1004,17719,Single Adult Males,318
2015-10-01 00:00:00+00:00,309,5210,Single Adult Females,319
2015-10-01 00:00:00+00:00,94,1610,Single Youth 18 Under,320
2015-10-01 00:00:00+00:00,269,24844,Family Units,321
2015-10-01 00:00:00+00:00,327,25956,Family Households,322
2015-09-01 00:00:00+00:00,2313,46658,All Clients,323
2015-09-01 00:00:00+00:00,1385,24012,All Singles,324
2015-09-01 00:00:00+00:00,986,23795,Family Household Members,325
2015-09-01 00:00:00+00:00,933,22706,Family Member,326
2015-09-01 00:00:00+00:00,56,1149,Offsite/Overflow Singles,327
2015-09-01 00:00:00+00:00,871,14547,Mens Shelter,328
2015-09-01 00:00:00+00:00,208,3837,Womens Shelter,329
2015-09-01 00:00:00+00:00,270,2678,Mixed-Gender,330
2015-09-01 00:00:00+00:00,96,1801,Youth Shelter,331
2015-09-01 00:00:00+00:00,1010,17363,Single Adult Males,332
2015-09-01 00:00:00+00:00,294,5258,Single Adult Females,333
2015-09-01 00:00:00+00:00,81,1391,Single Youth 18 Under,334
2015-09-01 00:00:00+00:00,260,22706,Family Units,335
2015-09-01 00:00:00+00:00,313,23795,Family Households,336
2016-04-01 00:00:00+00:00,2137,43204,All Clients,337
2016-04-01 00:00:00+00:00,1353,23444,All Singles,338
2016-04-01 00:00:00+00:00,838,20809,Family Household Members,339
2016-04-01 00:00:00+00:00,785,19760,Family Member,340
2016-04-01 00:00:00+00:00,53,1049,Offsite/Overflow Singles,341
2016-04-01 00:00:00+00:00,872,14346,Mens Shelter,342
2016-04-01 00:00:00+00:00,203,3594,Womens Shelter,343
2016-04-01 00:00:00+00:00,291,2568,Mixed-Gender,344
2016-04-01 00:00:00+00:00,79,1887,Youth Shelter,345
2016-04-01 00:00:00+00:00,996,17134,Single Adult Males,346
2016-04-01 00:00:00+00:00,291,4978,Single Adult Females,347
2016-04-01 00:00:00+00:00,66,1332,Single Youth 18 Under,348
2016-04-01 00:00:00+00:00,227,19760,Family Units,349
2016-04-01 00:00:00+00:00,279,20809,Family Households,350
2016-08-01 00:00:00+00:00,2443,48139,All Clients,351
2016-08-01 00:00:00+00:00,1432,24433,All Singles,352
2016-08-01 00:00:00+00:00,1093,25134,Family Household Members,353
2016-08-01 00:00:00+00:00,1014,23706,Family Member,354
2016-08-01 00:00:00+00:00,79,1428,Offsite/Overflow Singles,355
2016-08-01 00:00:00+00:00,861,13929,Mens Shelter,356
2016-08-01 00:00:00+00:00,198,3983,Womens Shelter,357
2016-08-01 00:00:00+00:00,336,3117,Mixed-Gender,358
2016-08-01 00:00:00+00:00,93,1976,Youth Shelter,359
2016-08-01 00:00:00+00:00,1028,17157,Single Adult Males,360
2016-08-01 00:00:00+00:00,317,5822,Single Adult Females,361
2016-08-01 00:00:00+00:00,87,1454,Single Youth 18 Under,362
2016-08-01 00:00:00+00:00,295,23706,Family Units,363
2016-08-01 00:00:00+00:00,373,25134,Family Households,364
2016-12-01 00:00:00+00:00,2513,52732,All Clients,365
2016-12-01 00:00:00+00:00,1369,24705,All Singles,366
2016-12-01 00:00:00+00:00,1238,30239,Family Household Members,367
2016-12-01 00:00:00+00:00,1144,28027,Family Member,368
2016-12-01 00:00:00+00:00,94,2212,Offsite/Overflow Singles,369
2016-12-01 00:00:00+00:00,854,14164,Mens Shelter,370
2016-12-01 00:00:00+00:00,200,3540,Womens Shelter,371
2016-12-01 00:00:00+00:00,278,2900,Mixed-Gender,372
2016-12-01 00:00:00+00:00,84,1889,Youth Shelter,373
2016-12-01 00:00:00+00:00,1004,17574,Single Adult Males,374
2016-12-01 00:00:00+00:00,285,5469,Single Adult Females,375
2016-12-01 00:00:00+00:00,80,1662,Single Youth 18 Under,376
2016-12-01 00:00:00+00:00,338,28027,Family Units,377
2016-12-01 00:00:00+00:00,431,30239,Family Households,378
2016-02-01 00:00:00+00:00,2037,40518,All Clients,379
2016-02-01 00:00:00+00:00,1278,22766,All Singles,380
2016-02-01 00:00:00+00:00,830,18860,Family Household Members,381
2016-02-01 00:00:00+00:00,766,17767,Family Member,382
2016-02-01 00:00:00+00:00,66,1108,Offsite/Overflow Singles,383
2016-02-01 00:00:00+00:00,808,13711,Mens Shelter,384
2016-02-01 00:00:00+00:00,199,3632,Womens Shelter,385
2016-02-01 00:00:00+00:00,243,2398,Mixed-Gender,386
2016-02-01 00:00:00+00:00,83,1917,Youth Shelter,387
2016-02-01 00:00:00+00:00,934,16304,Single Adult Males,388
2016-02-01 00:00:00+00:00,276,5205,Single Adult Females,389
2016-02-01 00:00:00+00:00,68,1257,Single Youth 18 Under,390
2016-02-01 00:00:00+00:00,227,17767,Family Units,391
2016-02-01 00:00:00+00:00,291,18860,Family Households,392
2016-01-01 00:00:00+00:00,2108,44183,All Clients,393
2016-01-01 00:00:00+00:00,1352,23872,All Singles,394
2016-01-01 00:00:00+00:00,824,21496,Family Household Members,395
2016-01-01 00:00:00+00:00,761,20328,Family Member,396
2016-01-01 00:00:00+00:00,64,1185,Offsite/Overflow Singles,397
2016-01-01 00:00:00+00:00,849,14738,Mens Shelter,398
2016-01-01 00:00:00+00:00,207,3762,Womens Shelter,399
2016-01-01 00:00:00+00:00,278,2287,Mixed-Gender,400
2016-05-01 00:00:00+00:00,877,21840,Family Household Members,401
2016-05-01 00:00:00+00:00,818,20652,Family Member,402
2016-05-01 00:00:00+00:00,59,1188,Offsite/Overflow Singles,403
2016-05-01 00:00:00+00:00,862,14583,Mens Shelter,404
2016-05-01 00:00:00+00:00,193,3735,Womens Shelter,405
2016-05-01 00:00:00+00:00,295,2677,Mixed-Gender,406
2016-05-01 00:00:00+00:00,89,2056,Youth Shelter,407
2016-05-01 00:00:00+00:00,1012,17438,Single Adult Males,408
2016-05-01 00:00:00+00:00,284,5334,Single Adult Females,409
2016-05-01 00:00:00+00:00,71,1467,Single Youth 18 Under,410
2017-06-01 00:00:00+00:00,389,34887,Family Units,411
2016-01-01 00:00:00+00:00,90,1900,Youth Shelter,412
2016-05-01 00:00:00+00:00,237,20652,Family Units,413
2016-05-01 00:00:00+00:00,295,21840,Family Households,414
2016-11-01 00:00:00+00:00,2394,49191,All Clients,415
2016-11-01 00:00:00+00:00,1334,23089,All Singles,416
2016-11-01 00:00:00+00:00,1145,27776,Family Household Members,417
2016-11-01 00:00:00+00:00,1064,26102,Family Member,418
2016-11-01 00:00:00+00:00,81,1674,Offsite/Overflow Singles,419
2016-11-01 00:00:00+00:00,810,13311,Mens Shelter,420
2016-11-01 00:00:00+00:00,204,3457,Womens Shelter,421
2016-11-01 00:00:00+00:00,291,2831,Mixed-Gender,422
2016-11-01 00:00:00+00:00,83,1816,Youth Shelter,423
2016-11-01 00:00:00+00:00,954,16452,Single Adult Males,424
2016-11-01 00:00:00+00:00,299,5062,Single Adult Females,425
2016-09-01 00:00:00+00:00,324,5445,Single Adult Females,426
2016-11-01 00:00:00+00:00,81,1575,Single Youth 18 Under,427
2016-11-01 00:00:00+00:00,319,26102,Family Units,428
2016-11-01 00:00:00+00:00,399,27776,Family Households,429
2016-10-01 00:00:00+00:00,2430,51542,All Clients,430
2016-10-01 00:00:00+00:00,1384,24184,All Singles,431
2016-10-01 00:00:00+00:00,1122,28907,Family Household Members,432
2016-10-01 00:00:00+00:00,1048,27358,Family Member,433
2016-10-01 00:00:00+00:00,74,1549,Offsite/Overflow Singles,434
2016-10-01 00:00:00+00:00,857,14013,Mens Shelter,435
2016-10-01 00:00:00+00:00,214,3735,Womens Shelter,436
2016-10-01 00:00:00+00:00,296,3019,Mixed-Gender,437
2016-10-01 00:00:00+00:00,77,1868,Youth Shelter,438
2016-10-01 00:00:00+00:00,1000,17271,Single Adult Males,439
2016-10-01 00:00:00+00:00,309,5353,Single Adult Females,440
2016-10-01 00:00:00+00:00,75,1560,Single Youth 18 Under,441
2016-10-01 00:00:00+00:00,314,27358,Family Units,442
2016-10-01 00:00:00+00:00,387,28907,Family Households,443
2016-09-01 00:00:00+00:00,2449,48901,All Clients,444
2016-09-01 00:00:00+00:00,1423,23697,All Singles,445
2016-09-01 00:00:00+00:00,1098,26382,Family Household Members,446
2016-09-01 00:00:00+00:00,1028,25204,Family Member,447
2016-09-01 00:00:00+00:00,70,1178,Offsite/Overflow Singles,448
2016-09-01 00:00:00+00:00,872,13891,Mens Shelter,449
2016-09-01 00:00:00+00:00,203,3791,Womens Shelter,450
2016-09-01 00:00:00+00:00,334,2900,Mixed-Gender,451
2016-09-01 00:00:00+00:00,89,1937,Youth Shelter,452
2016-09-01 00:00:00+00:00,1023,16753,Single Adult Males,453
2017-06-01 00:00:00+00:00,423,35516,Family Households,454
2016-09-01 00:00:00+00:00,76,1499,Single Youth 18 Under,455
2016-01-01 00:00:00+00:00,987,17357,Single Adult Males,456
2017-03-01 00:00:00+00:00,2502,53760,All Clients,457
2016-09-01 00:00:00+00:00,305,25204,Family Units,458
2016-01-01 00:00:00+00:00,299,5375,Single Adult Females,459
2017-03-01 00:00:00+00:00,1343,24368,All Singles,460
2016-09-01 00:00:00+00:00,374,26382,Family Households,461
2016-01-01 00:00:00+00:00,66,1140,Single Youth 18 Under,462
2017-03-01 00:00:00+00:00,1208,30392,Family Household Members,463
2017-04-01 00:00:00+00:00,2521,53788,All Clients,464
2016-01-01 00:00:00+00:00,220,20328,Family Units,465
2017-03-01 00:00:00+00:00,1164,29392,Family Member,466
2017-04-01 00:00:00+00:00,1324,23460,All Singles,467
2016-01-01 00:00:00+00:00,283,21496,Family Households,468
2017-03-01 00:00:00+00:00,44,1000,Offsite/Overflow Singles,469
2017-04-01 00:00:00+00:00,1245,31116,Family Household Members,470
2016-07-01 00:00:00+00:00,2278,45041,All Clients,471
2017-03-01 00:00:00+00:00,819,14222,Mens Shelter,472
2017-04-01 00:00:00+00:00,1201,30328,Family Member,473
2016-07-01 00:00:00+00:00,1378,23541,All Singles,474
2017-03-01 00:00:00+00:00,210,3960,Womens Shelter,475
2017-04-01 00:00:00+00:00,44,788,Offsite/Overflow Singles,476
2016-07-01 00:00:00+00:00,975,22868,Family Household Members,477
2017-03-01 00:00:00+00:00,328,3191,Mixed-Gender,478
2017-04-01 00:00:00+00:00,826,13830,Mens Shelter,479
2016-07-01 00:00:00+00:00,902,21500,Family Member,480
2017-03-01 00:00:00+00:00,84,1995,Youth Shelter,481
2017-04-01 00:00:00+00:00,190,3832,Womens Shelter,482
2016-07-01 00:00:00+00:00,73,1368,Offsite/Overflow Singles,483
2017-03-01 00:00:00+00:00,976,17452,Single Adult Males,484
2017-04-01 00:00:00+00:00,303,2971,Mixed-Gender,485
2016-07-01 00:00:00+00:00,804,13231,Mens Shelter,486
2017-03-01 00:00:00+00:00,309,5630,Single Adult Females,487
2017-04-01 00:00:00+00:00,88,2039,Youth Shelter,488
2016-07-01 00:00:00+00:00,218,3874,Womens Shelter,489
2017-03-01 00:00:00+00:00,58,1286,Single Youth 18 Under,490
2017-04-01 00:00:00+00:00,961,16654,Single Adult Males,491
2016-07-01 00:00:00+00:00,316,3058,Mixed-Gender,492
2017-03-01 00:00:00+00:00,341,29392,Family Units,493
2017-04-01 00:00:00+00:00,294,5448,Single Adult Females,494
2016-07-01 00:00:00+00:00,94,2010,Youth Shelter,495
2017-03-01 00:00:00+00:00,384,30392,Family Households,496
2017-04-01 00:00:00+00:00,69,1358,Single Youth 18 Under,497
2016-07-01 00:00:00+00:00,968,16444,Single Adult Males,498
2017-05-01 00:00:00+00:00,2664,59105,All Clients,499
2017-04-01 00:00:00+00:00,354,30328,Family Units,500
2016-07-01 00:00:00+00:00,328,5601,Single Adult Females,501
2017-05-01 00:00:00+00:00,1397,23881,All Singles,502
2017-04-01 00:00:00+00:00,397,31116,Family Households,503
2016-07-01 00:00:00+00:00,82,1496,Single Youth 18 Under,504
2017-05-01 00:00:00+00:00,1303,35843,Family Household Members,505
2017-08-01 00:00:00+00:00,2764,62502,All Clients,506
2016-07-01 00:00:00+00:00,259,21500,Family Units,507
2017-05-01 00:00:00+00:00,1271,35224,Family Member,508
2017-08-01 00:00:00+00:00,1403,24328,All Singles,509
2016-07-01 00:00:00+00:00,331,22868,Family Households,510
2017-05-01 00:00:00+00:00,32,619,Offsite/Overflow Singles,511
2017-08-01 00:00:00+00:00,1384,38635,Family Household Members,512
2016-06-01 00:00:00+00:00,2154,42452,All Clients,513
2017-05-01 00:00:00+00:00,874,14073,Mens Shelter,514
2017-02-01 00:00:00+00:00,56,957,Offsite/Overflow Singles,515
2017-08-01 00:00:00+00:00,1365,38174,Family Member,516
2017-08-01 00:00:00+00:00,20,461,Offsite/Overflow Singles,517
2017-08-01 00:00:00+00:00,879,14194,Mens Shelter,518
2017-08-01 00:00:00+00:00,213,4181,Womens Shelter,519
2017-08-01 00:00:00+00:00,352,3305,Mixed-Gender,520
2017-08-01 00:00:00+00:00,83,2187,Youth Shelter,521
2017-08-01 00:00:00+00:00,1007,16624,Single Adult Males,522
2017-08-01 00:00:00+00:00,320,5905,Single Adult Females,523
2017-08-01 00:00:00+00:00,76,1799,Single Youth 18 Under,524
2017-08-01 00:00:00+00:00,390,38174,Family Units,525
2017-08-01 00:00:00+00:00,409,38635,Family Households,526
2017-12-01 00:00:00+00:00,2646,58113,All Clients,527
2017-12-01 00:00:00+00:00,1368,24260,All Singles,528
2017-12-01 00:00:00+00:00,1304,34349,Family Household Members,529
2017-12-01 00:00:00+00:00,1280,33853,Family Member,530
2017-12-01 00:00:00+00:00,24,496,Offsite/Overflow Singles,531
2017-12-01 00:00:00+00:00,884,14554,Mens Shelter,532
2017-12-01 00:00:00+00:00,225,4238,Womens Shelter,533
2017-12-01 00:00:00+00:00,323,3062,Mixed-Gender,534
2017-12-01 00:00:00+00:00,80,1910,Youth Shelter,535
2017-12-01 00:00:00+00:00,973,16872,Single Adult Males,536
2017-12-01 00:00:00+00:00,303,5543,Single Adult Females,537
2017-12-01 00:00:00+00:00,92,1845,Single Youth 18 Under,538
2017-12-01 00:00:00+00:00,374,33853,Family Units,539
2017-12-01 00:00:00+00:00,397,34349,Family Households,540
2017-02-01 00:00:00+00:00,2425,49385,All Clients,541
2017-02-01 00:00:00+00:00,1290,21773,All Singles,542
2017-02-01 00:00:00+00:00,1193,28569,Family Household Members,543
2017-02-01 00:00:00+00:00,1137,27612,Family Member,544
2017-05-01 00:00:00+00:00,219,3891,Womens Shelter,545
2017-02-01 00:00:00+00:00,798,12910,Mens Shelter,546
2017-05-01 00:00:00+00:00,318,3115,Mixed-Gender,547
2017-02-01 00:00:00+00:00,198,3506,Womens Shelter,548
2017-05-01 00:00:00+00:00,85,2183,Youth Shelter,549
2017-02-01 00:00:00+00:00,260,2674,Mixed-Gender,550
2017-05-01 00:00:00+00:00,1001,16815,Single Adult Males,551
2017-02-01 00:00:00+00:00,88,1726,Youth Shelter,552
2017-05-01 00:00:00+00:00,327,5510,Single Adult Females,553
2017-02-01 00:00:00+00:00,949,15832,Single Adult Males,554
2016-06-01 00:00:00+00:00,1327,23087,All Singles,555
2017-05-01 00:00:00+00:00,69,1556,Single Youth 18 Under,556
2017-02-01 00:00:00+00:00,280,4956,Single Adult Females,557
2016-06-01 00:00:00+00:00,881,20542,Family Household Members,558
2017-05-01 00:00:00+00:00,378,35224,Family Units,559
2017-02-01 00:00:00+00:00,61,985,Single Youth 18 Under,560
2016-06-01 00:00:00+00:00,827,19365,Family Member,561
2017-05-01 00:00:00+00:00,409,35843,Family Households,562
2017-02-01 00:00:00+00:00,331,27612,Family Units,563
2016-06-01 00:00:00+00:00,54,1177,Offsite/Overflow Singles,564
2017-11-01 00:00:00+00:00,2756,57762,All Clients,565
2017-02-01 00:00:00+00:00,386,28569,Family Households,566
2016-06-01 00:00:00+00:00,814,13437,Mens Shelter,567
2017-11-01 00:00:00+00:00,1434,24282,All Singles,568
2017-01-01 00:00:00+00:00,2512,54550,All Clients,569
2016-06-01 00:00:00+00:00,197,3562,Womens Shelter,570
2017-11-01 00:00:00+00:00,1346,33810,Family Household Members,571
2017-01-01 00:00:00+00:00,1376,24496,All Singles,572
2016-06-01 00:00:00+00:00,287,3018,Mixed-Gender,573
2017-11-01 00:00:00+00:00,1326,33480,Family Member,574
2017-01-01 00:00:00+00:00,1209,31564,Family Household Members,575
2016-06-01 00:00:00+00:00,85,1893,Youth Shelter,576
2017-11-01 00:00:00+00:00,20,330,Offsite/Overflow Singles,577
2017-01-01 00:00:00+00:00,1138,30054,Family Member,578
2016-06-01 00:00:00+00:00,969,16480,Single Adult Males,579
2017-11-01 00:00:00+00:00,885,14431,Mens Shelter,580
2017-01-01 00:00:00+00:00,71,1510,Offsite/Overflow Singles,581
2016-06-01 00:00:00+00:00,289,5226,Single Adult Females,582
2017-11-01 00:00:00+00:00,217,4106,Womens Shelter,583
2017-01-01 00:00:00+00:00,859,14535,Mens Shelter,584
2016-06-01 00:00:00+00:00,69,1381,Single Youth 18 Under,585
2017-11-01 00:00:00+00:00,374,3586,Mixed-Gender,586
2017-01-01 00:00:00+00:00,213,3682,Womens Shelter,587
2016-06-01 00:00:00+00:00,237,19365,Family Units,588
2017-11-01 00:00:00+00:00,89,1829,Youth Shelter,589
2017-01-01 00:00:00+00:00,277,2824,Mixed-Gender,590
2016-06-01 00:00:00+00:00,290,20542,Family Households,591
2017-11-01 00:00:00+00:00,1031,17014,Single Adult Males,592
2018-07-01 00:00:00+00:00,81,1918,Youth Shelter,593
2017-01-01 00:00:00+00:00,86,1945,Youth Shelter,594
2016-03-01 00:00:00+00:00,2119,43048,All Clients,595
2017-11-01 00:00:00+00:00,314,5646,Single Adult Females,596
2018-07-01 00:00:00+00:00,1005,16857,Single Adult Males,597
2017-01-01 00:00:00+00:00,1018,17953,Single Adult Males,598
2016-03-01 00:00:00+00:00,1292,23866,All Singles,599
2017-11-01 00:00:00+00:00,89,1622,Single Youth 18 Under,600
2018-07-01 00:00:00+00:00,329,5890,Single Adult Females,601
2017-01-01 00:00:00+00:00,304,5380,Single Adult Females,602
2016-03-01 00:00:00+00:00,881,20345,Family Household Members,603
2017-11-01 00:00:00+00:00,380,33480,Family Units,604
2018-07-01 00:00:00+00:00,80,1763,Single Youth 18 Under,605
2017-01-01 00:00:00+00:00,54,1163,Single Youth 18 Under,606
2016-03-01 00:00:00+00:00,829,19213,Family Member,607
2017-11-01 00:00:00+00:00,399,33810,Family Households,608
2018-07-01 00:00:00+00:00,448,40785,Family Units,609
2017-01-01 00:00:00+00:00,330,30054,Family Units,610
2016-03-01 00:00:00+00:00,53,1163,Offsite/Overflow Singles,611
2017-10-01 00:00:00+00:00,2788,61652,All Clients,612
2018-07-01 00:00:00+00:00,472,41387,Family Households,613
2017-01-01 00:00:00+00:00,400,31564,Family Households,614
2016-03-01 00:00:00+00:00,821,14458,Mens Shelter,615
2017-10-01 00:00:00+00:00,1420,25149,All Singles,616
2018-06-01 00:00:00+00:00,2793,58933,All Clients,617
2017-07-01 00:00:00+00:00,2744,59587,All Clients,618
2017-07-01 00:00:00+00:00,1366,23582,All Singles,619
2017-07-01 00:00:00+00:00,1415,36530,Family Household Members,620
2017-07-01 00:00:00+00:00,1386,36005,Family Member,621
2017-07-01 00:00:00+00:00,29,525,Offsite/Overflow Singles,622
2017-07-01 00:00:00+00:00,860,13687,Mens Shelter,623
2017-07-01 00:00:00+00:00,204,4062,Womens Shelter,624
2017-07-01 00:00:00+00:00,319,3180,Mixed-Gender,625
2017-07-01 00:00:00+00:00,84,2128,Youth Shelter,626
2017-07-01 00:00:00+00:00,984,16228,Single Adult Males,627
2017-07-01 00:00:00+00:00,303,5593,Single Adult Females,628
2017-07-01 00:00:00+00:00,79,1761,Single Youth 18 Under,629
2017-07-01 00:00:00+00:00,395,36005,Family Units,630
2017-07-01 00:00:00+00:00,423,36530,Family Households,631
2017-06-01 00:00:00+00:00,2699,57552,All Clients,632
2017-06-01 00:00:00+00:00,1371,22665,All Singles,633
2017-06-01 00:00:00+00:00,1368,35516,Family Household Members,634
2017-06-01 00:00:00+00:00,1333,34887,Family Member,635
2017-06-01 00:00:00+00:00,35,629,Offsite/Overflow Singles,636
2017-06-01 00:00:00+00:00,868,13138,Mens Shelter,637
2017-06-01 00:00:00+00:00,193,3862,Womens Shelter,638
2017-06-01 00:00:00+00:00,309,2997,Mixed-Gender,639
2017-06-01 00:00:00+00:00,88,2039,Youth Shelter,640
2017-06-01 00:00:00+00:00,991,15696,Single Adult Males,641
2017-06-01 00:00:00+00:00,302,5419,Single Adult Females,642
2017-06-01 00:00:00+00:00,78,1550,Single Youth 18 Under,643
2018-12-01 00:00:00+00:00,3034,68284,All Clients,644
2018-12-01 00:00:00+00:00,1452,25895,All Singles,645
2017-10-01 00:00:00+00:00,1394,36883,Family Household Members,646
2018-12-01 00:00:00+00:00,1612,42963,Family Household Members,647
2017-10-01 00:00:00+00:00,1374,36503,Family Member,648
2016-03-01 00:00:00+00:00,205,3720,Womens Shelter,649
2018-12-01 00:00:00+00:00,1585,42389,Family Member,650
2017-10-01 00:00:00+00:00,20,380,Offsite/Overflow Singles,651
2016-03-01 00:00:00+00:00,257,2562,Mixed-Gender,652
2018-12-01 00:00:00+00:00,27,574,Offsite/Overflow Singles,653
2018-06-01 00:00:00+00:00,1389,23323,All Singles,654
2017-10-01 00:00:00+00:00,886,14927,Mens Shelter,655
2016-03-01 00:00:00+00:00,82,1963,Youth Shelter,656
2018-12-01 00:00:00+00:00,930,15938,Mens Shelter,657
2018-06-01 00:00:00+00:00,1433,36087,Family Household Members,658
2016-03-01 00:00:00+00:00,944,17304,Single Adult Males,659
2018-12-01 00:00:00+00:00,205,4243,Womens Shelter,660
2018-06-01 00:00:00+00:00,1408,35610,Family Member,661
2016-03-01 00:00:00+00:00,282,5277,Single Adult Females,662
2018-12-01 00:00:00+00:00,354,3065,Mixed-Gender,663
2018-06-01 00:00:00+00:00,25,477,Offsite/Overflow Singles,664
2016-03-01 00:00:00+00:00,66,1285,Single Youth 18 Under,665
2018-12-01 00:00:00+00:00,89,2075,Youth Shelter,666
2018-06-01 00:00:00+00:00,861,14099,Mens Shelter,667
2016-03-01 00:00:00+00:00,240,19213,Family Units,668
2018-12-01 00:00:00+00:00,1056,18364,Single Adult Males,669
2018-06-01 00:00:00+00:00,234,4058,Womens Shelter,670
2016-03-01 00:00:00+00:00,292,20345,Family Households,671
2018-12-01 00:00:00+00:00,310,5663,Single Adult Females,672
2018-06-01 00:00:00+00:00,326,2780,Mixed-Gender,673
2016-05-01 00:00:00+00:00,2182,44891,All Clients,674
2018-12-01 00:00:00+00:00,86,1868,Single Youth 18 Under,675
2018-06-01 00:00:00+00:00,75,1909,Youth Shelter,676
2016-05-01 00:00:00+00:00,1367,24239,All Singles,677
2018-12-01 00:00:00+00:00,458,42389,Family Units,678
2018-06-01 00:00:00+00:00,988,16232,Single Adult Males,679
2018-12-01 00:00:00+00:00,484,42963,Family Households,680
2018-06-01 00:00:00+00:00,328,5459,Single Adult Females,681
2018-02-01 00:00:00+00:00,2602,54246,All Clients,682
2018-06-01 00:00:00+00:00,73,1632,Single Youth 18 Under,683
2018-02-01 00:00:00+00:00,1328,22714,All Singles,684
2018-06-01 00:00:00+00:00,405,35610,Family Units,685
2018-02-01 00:00:00+00:00,1312,32085,Family Household Members,686
2018-06-01 00:00:00+00:00,429,36087,Family Households,687
2018-02-01 00:00:00+00:00,1281,31532,Family Member,688
2018-03-01 00:00:00+00:00,2735,60574,All Clients,689
2018-02-01 00:00:00+00:00,31,553,Offsite/Overflow Singles,690
2018-03-01 00:00:00+00:00,1404,25219,All Singles,691
2018-02-01 00:00:00+00:00,822,13397,Mens Shelter,692
2018-03-01 00:00:00+00:00,1365,35958,Family Household Members,693
2018-02-01 00:00:00+00:00,208,3794,Womens Shelter,694
2018-03-01 00:00:00+00:00,1339,35395,Family Member,695
2018-02-01 00:00:00+00:00,316,3214,Mixed-Gender,696
2018-03-01 00:00:00+00:00,28,603,Offsite/Overflow Singles,697
2018-02-01 00:00:00+00:00,75,1756,Youth Shelter,698
2018-03-01 00:00:00+00:00,889,15002,Mens Shelter,699
2018-02-01 00:00:00+00:00,950,15905,Single Adult Males,700
2018-03-01 00:00:00+00:00,206,4208,Womens Shelter,701
2018-02-01 00:00:00+00:00,318,5581,Single Adult Females,702
2018-03-01 00:00:00+00:00,370,3517,Mixed-Gender,703
2018-02-01 00:00:00+00:00,60,1228,Single Youth 18 Under,704
2018-03-01 00:00:00+00:00,79,1889,Youth Shelter,705
2018-02-01 00:00:00+00:00,370,31532,Family Units,706
2018-03-01 00:00:00+00:00,1021,17759,Single Adult Males,707
2018-02-01 00:00:00+00:00,400,32085,Family Households,708
2018-03-01 00:00:00+00:00,317,6006,Single Adult Females,709
2018-01-01 00:00:00+00:00,2635,59335,All Clients,710
2018-03-01 00:00:00+00:00,66,1454,Single Youth 18 Under,711
2018-01-01 00:00:00+00:00,1347,25157,All Singles,712
2018-03-01 00:00:00+00:00,385,35395,Family Units,713
2018-01-01 00:00:00+00:00,1323,34760,Family Household Members,714
2018-03-01 00:00:00+00:00,411,35958,Family Households,715
2018-01-01 00:00:00+00:00,1293,34178,Family Member,716
2018-05-01 00:00:00+00:00,2816,62959,All Clients,717
2018-01-01 00:00:00+00:00,30,582,Offsite/Overflow Singles,718
2018-05-01 00:00:00+00:00,1411,24788,All Singles,719
2018-05-01 00:00:00+00:00,1441,38809,Family Household Members,720
2018-05-01 00:00:00+00:00,1410,38201,Family Member,721
2018-05-01 00:00:00+00:00,33,638,Offsite/Overflow Singles,722
2018-05-01 00:00:00+00:00,875,14731,Mens Shelter,723
2018-05-01 00:00:00+00:00,219,4296,Womens Shelter,724
2018-05-01 00:00:00+00:00,353,3206,Mixed-Gender,725
2018-05-01 00:00:00+00:00,73,1917,Youth Shelter,726
2018-05-01 00:00:00+00:00,1025,17384,Single Adult Males,727
2018-05-01 00:00:00+00:00,315,5764,Single Adult Females,728
2018-05-01 00:00:00+00:00,71,1640,Single Youth 18 Under,729
2018-05-01 00:00:00+00:00,400,38201,Family Units,730
2018-05-01 00:00:00+00:00,431,38809,Family Households,731
2018-11-01 00:00:00+00:00,2968,65242,All Clients,732
2018-11-01 00:00:00+00:00,1424,25758,All Singles,733
2018-01-01 00:00:00+00:00,845,15159,Mens Shelter,734
2018-01-01 00:00:00+00:00,227,4267,Womens Shelter,735
2018-01-01 00:00:00+00:00,330,3145,Mixed-Gender,736
2018-01-01 00:00:00+00:00,80,2004,Youth Shelter,737
2018-01-01 00:00:00+00:00,971,17693,Single Adult Males,738
2018-01-01 00:00:00+00:00,315,6092,Single Adult Females,739
2018-01-01 00:00:00+00:00,61,1372,Single Youth 18 Under,740
2018-01-01 00:00:00+00:00,376,34178,Family Units,741
2018-01-01 00:00:00+00:00,405,34760,Family Households,742
2018-07-01 00:00:00+00:00,2993,65295,All Clients,743
2018-07-01 00:00:00+00:00,1414,24510,All Singles,744
2018-07-01 00:00:00+00:00,1609,41387,Family Household Members,745
2018-07-01 00:00:00+00:00,1584,40785,Family Member,746
2018-07-01 00:00:00+00:00,25,602,Offsite/Overflow Singles,747
2018-07-01 00:00:00+00:00,876,14687,Mens Shelter,748
2018-07-01 00:00:00+00:00,234,4374,Womens Shelter,749
2018-07-01 00:00:00+00:00,329,2929,Mixed-Gender,750
2017-10-01 00:00:00+00:00,202,4201,Womens Shelter,751
2017-10-01 00:00:00+00:00,367,3623,Mixed-Gender,752
2017-10-01 00:00:00+00:00,83,2018,Youth Shelter,753
2017-10-01 00:00:00+00:00,1034,17649,Single Adult Males,754
2017-10-01 00:00:00+00:00,313,5792,Single Adult Females,755
2017-10-01 00:00:00+00:00,73,1708,Single Youth 18 Under,756
2017-10-01 00:00:00+00:00,388,36503,Family Units,757
2017-10-01 00:00:00+00:00,407,36883,Family Households,758
2017-09-01 00:00:00+00:00,2792,59678,All Clients,759
2017-09-01 00:00:00+00:00,1383,24030,All Singles,760
2017-09-01 00:00:00+00:00,1429,36100,Family Household Members,761
2017-09-01 00:00:00+00:00,1412,35648,Family Member,762
2017-09-01 00:00:00+00:00,17,452,Offsite/Overflow Singles,763
2017-09-01 00:00:00+00:00,861,14172,Mens Shelter,764
2017-09-01 00:00:00+00:00,206,4089,Womens Shelter,765
2017-09-01 00:00:00+00:00,349,3385,Mixed-Gender,766
2017-09-01 00:00:00+00:00,81,1932,Youth Shelter,767
2017-09-01 00:00:00+00:00,1010,16799,Single Adult Males,768
2017-09-01 00:00:00+00:00,299,5694,Single Adult Females,769
2017-09-01 00:00:00+00:00,74,1537,Single Youth 18 Under,770
2017-09-01 00:00:00+00:00,392,35648,Family Units,771
2017-09-01 00:00:00+00:00,408,36100,Family Households,772
2018-04-01 00:00:00+00:00,2797,60040,All Clients,773
2018-04-01 00:00:00+00:00,1403,24541,All Singles,774
2018-04-01 00:00:00+00:00,1426,36181,Family Household Members,775
2018-04-01 00:00:00+00:00,1398,35559,Family Member,776
2018-04-01 00:00:00+00:00,30,682,Offsite/Overflow Singles,777
2018-04-01 00:00:00+00:00,869,14466,Mens Shelter,778
2018-04-01 00:00:00+00:00,207,4099,Womens Shelter,779
2018-04-01 00:00:00+00:00,342,3409,Mixed-Gender,780
2018-04-01 00:00:00+00:00,80,1885,Youth Shelter,781
2018-04-01 00:00:00+00:00,1014,17121,Single Adult Males,782
2018-04-01 00:00:00+00:00,318,5945,Single Adult Females,783
2018-04-01 00:00:00+00:00,71,1475,Single Youth 18 Under,784
2018-04-01 00:00:00+00:00,400,35559,Family Units,785
2018-04-01 00:00:00+00:00,428,36181,Family Households,786
2018-08-01 00:00:00+00:00,2977,67088,All Clients,787
2018-08-01 00:00:00+00:00,1460,24982,All Singles,788
2018-08-01 00:00:00+00:00,1539,42654,Family Household Members,789
2018-08-01 00:00:00+00:00,1517,42106,Family Member,790
2018-08-01 00:00:00+00:00,22,548,Offsite/Overflow Singles,791
2018-08-01 00:00:00+00:00,922,15129,Mens Shelter,792
2018-08-01 00:00:00+00:00,207,4317,Womens Shelter,793
2018-08-01 00:00:00+00:00,363,3167,Mixed-Gender,794
2018-08-01 00:00:00+00:00,76,1821,Youth Shelter,795
2018-08-01 00:00:00+00:00,1056,17400,Single Adult Males,796
2018-08-01 00:00:00+00:00,326,5875,Single Adult Females,797
2018-08-01 00:00:00+00:00,78,1707,Single Youth 18 Under,798
2018-08-01 00:00:00+00:00,424,42106,Family Units,799
2018-08-01 00:00:00+00:00,445,42654,Family Households,800
2019-04-01 00:00:00+00:00,311,5899,Single Adult Females,801
2019-04-01 00:00:00+00:00,54,1165,Single Youth 18 Under,802
2019-04-01 00:00:00+00:00,461,41679,Family Units,803
2019-04-01 00:00:00+00:00,489,42341,Family Households,804
2019-08-01 00:00:00+00:00,3119,72270,All Clients,805
2019-08-01 00:00:00+00:00,1443,25111,All Singles,806
2019-08-01 00:00:00+00:00,1705,47683,Family Household Members,807
2019-08-01 00:00:00+00:00,1679,47159,Family Member,808
2019-08-01 00:00:00+00:00,26,524,Offsite/Overflow Singles,809
2019-08-01 00:00:00+00:00,878,15356,Mens Shelter,810
2019-08-01 00:00:00+00:00,226,4520,Womens Shelter,811
2019-08-01 00:00:00+00:00,371,2857,Mixed-Gender,812
2019-08-01 00:00:00+00:00,78,1854,Youth Shelter,813
2019-08-01 00:00:00+00:00,1022,17571,Single Adult Males,814
2019-08-01 00:00:00+00:00,356,6125,Single Adult Females,815
2019-08-01 00:00:00+00:00,65,1415,Single Youth 18 Under,816
2019-08-01 00:00:00+00:00,496,47159,Family Units,817
2019-08-01 00:00:00+00:00,521,47683,Family Households,818
2019-12-01 00:00:00+00:00,3337,79110,All Clients,819
2019-12-01 00:00:00+00:00,1478,26922,All Singles,820
2019-09-01 00:00:00+00:00,218,4327,Womens Shelter,821
2019-12-01 00:00:00+00:00,1896,52853,Family Household Members,822
2019-12-01 00:00:00+00:00,1863,52193,Family Member,823
2019-12-01 00:00:00+00:00,34,665,Offsite/Overflow Singles,824
2019-12-01 00:00:00+00:00,956,16720,Mens Shelter,825
2019-12-01 00:00:00+00:00,223,4747,Womens Shelter,826
2019-12-01 00:00:00+00:00,338,2907,Mixed-Gender,827
2019-12-01 00:00:00+00:00,80,1883,Youth Shelter,828
2019-12-01 00:00:00+00:00,1093,19032,Single Adult Males,829
2019-12-01 00:00:00+00:00,310,6230,Single Adult Females,830
2019-12-01 00:00:00+00:00,75,1660,Single Youth 18 Under,831
2019-12-01 00:00:00+00:00,542,52193,Family Units,832
2019-12-01 00:00:00+00:00,575,52853,Family Households,833
2019-02-01 00:00:00+00:00,2943,62541,All Clients,834
2019-02-01 00:00:00+00:00,1365,23527,All Singles,835
2019-02-01 00:00:00+00:00,1617,39693,Family Household Members,836
2019-02-01 00:00:00+00:00,1583,39014,Family Member,837
2019-02-01 00:00:00+00:00,34,679,Offsite/Overflow Singles,838
2019-02-01 00:00:00+00:00,857,14205,Mens Shelter,839
2019-02-01 00:00:00+00:00,206,3826,Womens Shelter,840
2019-02-01 00:00:00+00:00,358,3034,Mixed-Gender,841
2019-02-01 00:00:00+00:00,71,1783,Youth Shelter,842
2019-02-01 00:00:00+00:00,998,16893,Single Adult Males,843
2019-02-01 00:00:00+00:00,319,5621,Single Adult Females,844
2019-02-01 00:00:00+00:00,48,1013,Single Youth 18 Under,845
2019-02-01 00:00:00+00:00,459,39014,Family Units,846
2019-02-01 00:00:00+00:00,492,39693,Family Households,847
2019-01-01 00:00:00+00:00,3029,71908,All Clients,848
2019-01-01 00:00:00+00:00,1426,26484,All Singles,849
2019-01-01 00:00:00+00:00,1636,46134,Family Household Members,850
2019-01-01 00:00:00+00:00,1607,45424,Family Member,851
2019-03-01 00:00:00+00:00,456,41677,Family Units,852
2020-06-01 00:00:00+00:00,71,1792,Youth Shelter,853
2019-03-01 00:00:00+00:00,487,42392,Family Households,854
2019-05-01 00:00:00+00:00,3067,69393,All Clients,855
2019-05-01 00:00:00+00:00,1467,26497,All Singles,856
2019-05-01 00:00:00+00:00,1641,43534,Family Household Members,857
2019-05-01 00:00:00+00:00,1610,42896,Family Member,858
2019-05-01 00:00:00+00:00,31,638,Offsite/Overflow Singles,859
2019-05-01 00:00:00+00:00,898,16085,Mens Shelter,860
2019-05-01 00:00:00+00:00,196,4229,Womens Shelter,861
2019-05-01 00:00:00+00:00,423,3560,Mixed-Gender,862
2019-05-01 00:00:00+00:00,76,1985,Youth Shelter,863
2019-05-01 00:00:00+00:00,1083,19115,Single Adult Males,864
2019-05-01 00:00:00+00:00,330,6117,Single Adult Females,865
2019-05-01 00:00:00+00:00,54,1265,Single Youth 18 Under,866
2019-05-01 00:00:00+00:00,476,42896,Family Units,867
2019-05-01 00:00:00+00:00,506,43534,Family Households,868
2019-11-01 00:00:00+00:00,3369,76002,All Clients,869
2019-11-01 00:00:00+00:00,1520,25916,All Singles,870
2019-11-01 00:00:00+00:00,1881,50586,Family Household Members,871
2019-11-01 00:00:00+00:00,1853,50086,Family Member,872
2019-11-01 00:00:00+00:00,28,500,Offsite/Overflow Singles,873
2019-11-01 00:00:00+00:00,970,16149,Mens Shelter,874
2019-11-01 00:00:00+00:00,232,4516,Womens Shelter,875
2019-11-01 00:00:00+00:00,392,3039,Mixed-Gender,876
2019-11-01 00:00:00+00:00,80,1712,Youth Shelter,877
2019-11-01 00:00:00+00:00,1108,18413,Single Adult Males,878
2019-11-01 00:00:00+00:00,338,5997,Single Adult Females,879
2019-11-01 00:00:00+00:00,74,1506,Single Youth 18 Under,880
2019-11-01 00:00:00+00:00,537,50086,Family Units,881
2019-11-01 00:00:00+00:00,564,50586,Family Households,882
2019-10-01 00:00:00+00:00,3277,77550,All Clients,883
2019-10-01 00:00:00+00:00,1453,26524,All Singles,884
2019-10-01 00:00:00+00:00,1857,51575,Family Household Members,885
2019-10-01 00:00:00+00:00,1830,51026,Family Member,886
2019-10-01 00:00:00+00:00,27,549,Offsite/Overflow Singles,887
2019-10-01 00:00:00+00:00,913,16385,Mens Shelter,888
2019-10-01 00:00:00+00:00,212,4504,Womens Shelter,889
2019-10-01 00:00:00+00:00,372,3182,Mixed-Gender,890
2019-10-01 00:00:00+00:00,74,1904,Youth Shelter,891
2019-10-01 00:00:00+00:00,1053,18823,Single Adult Males,892
2019-10-01 00:00:00+00:00,330,6177,Single Adult Females,893
2019-10-01 00:00:00+00:00,70,1524,Single Youth 18 Under,894
2019-10-01 00:00:00+00:00,533,51026,Family Units,895
2019-10-01 00:00:00+00:00,559,51575,Family Households,896
2019-09-01 00:00:00+00:00,3275,71838,All Clients,897
2019-09-01 00:00:00+00:00,1457,24860,All Singles,898
2019-09-01 00:00:00+00:00,1848,47533,Family Household Members,899
2020-06-01 00:00:00+00:00,863,15583,Single Adult Males,900
2019-09-01 00:00:00+00:00,1822,46978,Family Member,901
2019-09-01 00:00:00+00:00,382,2852,Mixed-Gender,902
2020-06-01 00:00:00+00:00,274,5300,Single Adult Females,903
2019-09-01 00:00:00+00:00,26,555,Offsite/Overflow Singles,904
2019-09-01 00:00:00+00:00,74,1817,Youth Shelter,905
2020-06-01 00:00:00+00:00,56,1269,Single Youth 18 Under,906
2019-09-01 00:00:00+00:00,898,15309,Mens Shelter,907
2019-09-01 00:00:00+00:00,1042,17407,Single Adult Males,908
2020-06-01 00:00:00+00:00,525,49143,Family Units,909
2019-09-01 00:00:00+00:00,342,5962,Single Adult Females,910
2020-06-01 00:00:00+00:00,570,50257,Family Households,911
2019-09-01 00:00:00+00:00,73,1491,Single Youth 18 Under,912
2020-03-01 00:00:00+00:00,3343,78906,All Clients,913
2019-09-01 00:00:00+00:00,531,46978,Family Units,914
2020-03-01 00:00:00+00:00,1527,26926,All Singles,915
2019-09-01 00:00:00+00:00,556,47533,Family Households,916
2020-03-01 00:00:00+00:00,1850,52691,Family Household Members,917
2020-03-01 00:00:00+00:00,1819,51980,Family Member,918
2020-03-01 00:00:00+00:00,31,711,Offsite/Overflow Singles,919
2020-03-01 00:00:00+00:00,943,16440,Mens Shelter,920
2020-03-01 00:00:00+00:00,229,4482,Womens Shelter,921
2020-03-01 00:00:00+00:00,502,3336,Mixed-Gender,922
2020-04-01 00:00:00+00:00,3123,75111,All Clients,923
2020-03-01 00:00:00+00:00,70,1957,Youth Shelter,924
2020-03-01 00:00:00+00:00,1129,19231,Single Adult Males,925
2020-03-01 00:00:00+00:00,348,6403,Single Adult Females,926
2020-03-01 00:00:00+00:00,50,1292,Single Youth 18 Under,927
2020-03-01 00:00:00+00:00,544,51980,Family Units,928
2020-03-01 00:00:00+00:00,574,52691,Family Households,929
2020-05-01 00:00:00+00:00,2955,74256,All Clients,930
2020-05-01 00:00:00+00:00,1237,23509,All Singles,931
2020-05-01 00:00:00+00:00,1771,51778,Family Household Members,932
2020-05-01 00:00:00+00:00,1724,50747,Family Member,933
2020-05-01 00:00:00+00:00,47,1031,Offsite/Overflow Singles,934
2020-05-01 00:00:00+00:00,736,14177,Mens Shelter,935
2020-05-01 00:00:00+00:00,160,3697,Womens Shelter,936
2020-05-01 00:00:00+00:00,352,2699,Mixed-Gender,937
2020-05-01 00:00:00+00:00,72,1905,Youth Shelter,938
2020-05-01 00:00:00+00:00,885,16654,Single Adult Males,939
2020-05-01 00:00:00+00:00,298,5565,Single Adult Females,940
2020-05-01 00:00:00+00:00,54,1290,Single Youth 18 Under,941
2020-05-01 00:00:00+00:00,516,50747,Family Units,942
2020-05-01 00:00:00+00:00,562,51778,Family Households,943
2020-11-01 00:00:00+00:00,2763,64067,All Clients,944
2020-11-01 00:00:00+00:00,1207,22038,All Singles,945
2020-11-01 00:00:00+00:00,1602,43011,Family Household Members,946
2020-11-01 00:00:00+00:00,1558,42029,Family Member,947
2020-11-01 00:00:00+00:00,44,982,Offsite/Overflow Singles,948
2020-11-01 00:00:00+00:00,703,12852,Mens Shelter,949
2020-11-01 00:00:00+00:00,147,2756,Womens Shelter,950
2020-11-01 00:00:00+00:00,405,3699,Mixed-Gender,951
2020-11-01 00:00:00+00:00,67,1749,Youth Shelter,952
2020-11-01 00:00:00+00:00,878,15972,Single Adult Males,953
2020-11-01 00:00:00+00:00,268,4585,Single Adult Females,954
2020-11-01 00:00:00+00:00,61,1481,Single Youth 18 Under,955
2020-11-01 00:00:00+00:00,450,42029,Family Units,956
2020-11-01 00:00:00+00:00,493,43011,Family Households,957
2020-10-01 00:00:00+00:00,2878,69296,All Clients,958
2020-10-01 00:00:00+00:00,1266,23307,All Singles,959
2020-04-01 00:00:00+00:00,1345,24723,All Singles,960
2020-04-01 00:00:00+00:00,1817,51205,Family Household Members,961
2020-04-01 00:00:00+00:00,1779,50388,Family Member,962
2020-04-01 00:00:00+00:00,38,817,Offsite/Overflow Singles,963
2020-04-01 00:00:00+00:00,813,15024,Mens Shelter,964
2020-04-01 00:00:00+00:00,165,3791,Womens Shelter,965
2020-04-01 00:00:00+00:00,446,3278,Mixed-Gender,966
2020-04-01 00:00:00+00:00,64,1813,Youth Shelter,967
2020-04-01 00:00:00+00:00,996,17710,Single Adult Males,968
2020-04-01 00:00:00+00:00,299,5776,Single Adult Females,969
2020-04-01 00:00:00+00:00,50,1237,Single Youth 18 Under,970
2020-04-01 00:00:00+00:00,535,50388,Family Units,971
2020-04-01 00:00:00+00:00,572,51205,Family Households,972
2020-08-01 00:00:00+00:00,2986,71230,All Clients,973
2020-08-01 00:00:00+00:00,1232,22804,All Singles,974
2020-08-01 00:00:00+00:00,1803,49629,Family Household Members,975
2020-08-01 00:00:00+00:00,1754,48426,Family Member,976
2020-08-01 00:00:00+00:00,49,1203,Offsite/Overflow Singles,977
2020-08-01 00:00:00+00:00,767,14036,Mens Shelter,978
2020-08-01 00:00:00+00:00,127,3230,Womens Shelter,979
2020-08-01 00:00:00+00:00,332,2541,Mixed-Gender,980
2020-08-01 00:00:00+00:00,68,1794,Youth Shelter,981
2020-08-01 00:00:00+00:00,923,16398,Single Adult Males,982
2020-08-01 00:00:00+00:00,253,4987,Single Adult Females,983
2020-08-01 00:00:00+00:00,56,1419,Single Youth 18 Under,984
2020-08-01 00:00:00+00:00,512,48426,Family Units,985
2020-08-01 00:00:00+00:00,560,49629,Family Households,986
2020-12-01 00:00:00+00:00,2662,63583,All Clients,987
2020-12-01 00:00:00+00:00,1219,23368,All Singles,988
2020-12-01 00:00:00+00:00,1491,41344,Family Household Members,989
2020-12-01 00:00:00+00:00,1446,40215,Family Member,990
2020-12-01 00:00:00+00:00,46,1129,Offsite/Overflow Singles,991
2020-12-01 00:00:00+00:00,695,12867,Mens Shelter,992
2020-12-01 00:00:00+00:00,180,3544,Womens Shelter,993
2020-12-01 00:00:00+00:00,412,4124,Mixed-Gender,994
2020-12-01 00:00:00+00:00,67,1704,Youth Shelter,995
2020-12-01 00:00:00+00:00,880,16589,Single Adult Males,996
2020-12-01 00:00:00+00:00,275,5197,Single Adult Females,997
2020-12-01 00:00:00+00:00,64,1582,Single Youth 18 Under,998
2020-12-01 00:00:00+00:00,415,40215,Family Units,999
2020-12-01 00:00:00+00:00,460,41344,Family Households,1000
2020-02-01 00:00:00+00:00,3304,74765,All Clients,1001
2020-02-01 00:00:00+00:00,1452,25443,All Singles,1002
2020-02-01 00:00:00+00:00,1887,50042,Family Household Members,1003
2020-02-01 00:00:00+00:00,1858,49322,Family Member,1004
2020-02-01 00:00:00+00:00,29,720,Offsite/Overflow Singles,1005
2020-02-01 00:00:00+00:00,912,15503,Mens Shelter,1006
2020-02-01 00:00:00+00:00,188,4248,Womens Shelter,1007
2020-02-01 00:00:00+00:00,426,3077,Mixed-Gender,1008
2020-02-01 00:00:00+00:00,80,1895,Youth Shelter,1009
2020-02-01 00:00:00+00:00,1069,18223,Single Adult Males,1010
2020-02-01 00:00:00+00:00,332,5999,Single Adult Females,1011
2020-02-01 00:00:00+00:00,51,1221,Single Youth 18 Under,1012
2020-02-01 00:00:00+00:00,550,49322,Family Units,1013
2020-02-01 00:00:00+00:00,578,50042,Family Households,1014
2020-01-01 00:00:00+00:00,3392,80032,All Clients,1015
2020-01-01 00:00:00+00:00,1485,27122,All Singles,1016
2020-01-01 00:00:00+00:00,1948,53694,Family Household Members,1017
2020-01-01 00:00:00+00:00,1911,52919,Family Member,1018
2020-01-01 00:00:00+00:00,38,784,Offsite/Overflow Singles,1019
2020-01-01 00:00:00+00:00,931,16591,Mens Shelter,1020
2020-01-01 00:00:00+00:00,188,4542,Womens Shelter,1021
2020-01-01 00:00:00+00:00,432,3157,Mixed-Gender,1022
2020-01-01 00:00:00+00:00,77,2048,Youth Shelter,1023
2020-01-01 00:00:00+00:00,1101,19512,Single Adult Males,1024
2020-01-01 00:00:00+00:00,330,6376,Single Adult Females,1025
2020-01-01 00:00:00+00:00,54,1234,Single Youth 18 Under,1026
2020-01-01 00:00:00+00:00,563,52919,Family Units,1027
2020-01-01 00:00:00+00:00,600,53694,Family Households,1028
2020-07-01 00:00:00+00:00,2965,73070,All Clients,1029
2020-07-01 00:00:00+00:00,1198,22716,All Singles,1030
2020-07-01 00:00:00+00:00,1823,51598,Family Household Members,1031
2020-07-01 00:00:00+00:00,1768,50354,Family Member,1032
2020-07-01 00:00:00+00:00,55,1244,Offsite/Overflow Singles,1033
2020-07-01 00:00:00+00:00,744,13690,Mens Shelter,1034
2020-07-01 00:00:00+00:00,129,3383,Womens Shelter,1035
2020-07-01 00:00:00+00:00,292,2586,Mixed-Gender,1036
2020-07-01 00:00:00+00:00,68,1813,Youth Shelter,1037
2020-07-01 00:00:00+00:00,885,16081,Single Adult Males,1038
2020-07-01 00:00:00+00:00,263,5315,Single Adult Females,1039
2020-07-01 00:00:00+00:00,50,1320,Single Youth 18 Under,1040
2020-07-01 00:00:00+00:00,519,50354,Family Units,1041
2020-07-01 00:00:00+00:00,573,51598,Family Households,1042
2020-06-01 00:00:00+00:00,2963,71295,All Clients,1043
2020-06-01 00:00:00+00:00,1193,22152,All Singles,1044
2020-06-01 00:00:00+00:00,1816,50257,Family Household Members,1045
2020-06-01 00:00:00+00:00,1770,49143,Family Member,1046
2020-06-01 00:00:00+00:00,46,1114,Offsite/Overflow Singles,1047
2020-06-01 00:00:00+00:00,726,13325,Mens Shelter,1048
2020-06-01 00:00:00+00:00,137,3424,Womens Shelter,1049
2020-06-01 00:00:00+00:00,314,2497,Mixed-Gender,1050
2018-11-01 00:00:00+00:00,1568,40001,Family Household Members,1051
2019-01-01 00:00:00+00:00,29,710,Offsite/Overflow Singles,1052
2019-01-01 00:00:00+00:00,875,16023,Mens Shelter,1053
2019-01-01 00:00:00+00:00,190,4263,Womens Shelter,1054
2019-01-01 00:00:00+00:00,417,3453,Mixed-Gender,1055
2019-01-01 00:00:00+00:00,83,2035,Youth Shelter,1056
2019-01-01 00:00:00+00:00,1046,19079,Single Adult Males,1057
2019-01-01 00:00:00+00:00,332,6279,Single Adult Females,1058
2019-01-01 00:00:00+00:00,48,1126,Single Youth 18 Under,1059
2019-01-01 00:00:00+00:00,465,45424,Family Units,1060
2019-01-01 00:00:00+00:00,493,46134,Family Households,1061
2019-07-01 00:00:00+00:00,3137,69607,All Clients,1062
2019-07-01 00:00:00+00:00,1438,25347,All Singles,1063
2019-07-01 00:00:00+00:00,1734,44937,Family Household Members,1064
2019-07-01 00:00:00+00:00,1703,44260,Family Member,1065
2019-07-01 00:00:00+00:00,31,677,Offsite/Overflow Singles,1066
2019-07-01 00:00:00+00:00,889,15649,Mens Shelter,1067
2019-07-01 00:00:00+00:00,217,4587,Womens Shelter,1068
2019-07-01 00:00:00+00:00,350,2615,Mixed-Gender,1069
2019-07-01 00:00:00+00:00,75,1819,Youth Shelter,1070
2019-07-01 00:00:00+00:00,1040,17866,Single Adult Males,1071
2019-07-01 00:00:00+00:00,342,6127,Single Adult Females,1072
2019-07-01 00:00:00+00:00,56,1354,Single Youth 18 Under,1073
2019-07-01 00:00:00+00:00,505,44260,Family Units,1074
2019-07-01 00:00:00+00:00,535,44937,Family Households,1075
2019-06-01 00:00:00+00:00,3071,67372,All Clients,1076
2019-06-01 00:00:00+00:00,1467,24881,All Singles,1077
2019-06-01 00:00:00+00:00,1642,43083,Family Household Members,1078
2019-06-01 00:00:00+00:00,1609,42491,Family Member,1079
2019-06-01 00:00:00+00:00,33,592,Offsite/Overflow Singles,1080
2019-06-01 00:00:00+00:00,923,15117,Mens Shelter,1081
2019-06-01 00:00:00+00:00,197,4171,Womens Shelter,1082
2019-06-01 00:00:00+00:00,378,3184,Mixed-Gender,1083
2019-06-01 00:00:00+00:00,78,1817,Youth Shelter,1084
2019-06-01 00:00:00+00:00,1078,17769,Single Adult Males,1085
2019-06-01 00:00:00+00:00,328,5844,Single Adult Females,1086
2019-06-01 00:00:00+00:00,61,1268,Single Youth 18 Under,1087
2019-06-01 00:00:00+00:00,477,42491,Family Units,1088
2019-06-01 00:00:00+00:00,509,43083,Family Households,1089
2019-03-01 00:00:00+00:00,2982,67443,All Clients,1090
2019-03-01 00:00:00+00:00,1424,25766,All Singles,1091
2019-03-01 00:00:00+00:00,1593,42392,Family Household Members,1092
2019-03-01 00:00:00+00:00,1561,41677,Family Member,1093
2019-03-01 00:00:00+00:00,32,715,Offsite/Overflow Singles,1094
2019-03-01 00:00:00+00:00,899,15566,Mens Shelter,1095
2019-03-01 00:00:00+00:00,203,4206,Womens Shelter,1096
2019-03-01 00:00:00+00:00,384,3438,Mixed-Gender,1097
2019-03-01 00:00:00+00:00,65,1841,Youth Shelter,1098
2019-03-01 00:00:00+00:00,1056,18628,Single Adult Males,1099
2019-03-01 00:00:00+00:00,322,5988,Single Adult Females,1100
2019-03-01 00:00:00+00:00,46,1150,Single Youth 18 Under,1101
2018-11-01 00:00:00+00:00,1546,39484,Family Member,1102
2018-11-01 00:00:00+00:00,22,517,Offsite/Overflow Singles,1103
2018-11-01 00:00:00+00:00,890,15707,Mens Shelter,1104
2018-11-01 00:00:00+00:00,207,4193,Womens Shelter,1105
2018-11-01 00:00:00+00:00,391,3299,Mixed-Gender,1106
2018-11-01 00:00:00+00:00,81,2042,Youth Shelter,1107
2018-11-01 00:00:00+00:00,1030,18135,Single Adult Males,1108
2018-11-01 00:00:00+00:00,308,5697,Single Adult Females,1109
2018-11-01 00:00:00+00:00,86,1926,Single Youth 18 Under,1110
2018-11-01 00:00:00+00:00,445,39484,Family Units,1111
2018-11-01 00:00:00+00:00,466,40001,Family Households,1112
2018-10-01 00:00:00+00:00,2885,65622,All Clients,1113
2018-10-01 00:00:00+00:00,1431,25602,All Singles,1114
2018-10-01 00:00:00+00:00,1480,40464,Family Household Members,1115
2018-10-01 00:00:00+00:00,1459,40020,Family Member,1116
2018-10-01 00:00:00+00:00,21,444,Offsite/Overflow Singles,1117
2018-10-01 00:00:00+00:00,887,15655,Mens Shelter,1118
2018-10-01 00:00:00+00:00,218,4277,Womens Shelter,1119
2018-10-01 00:00:00+00:00,385,3288,Mixed-Gender,1120
2018-10-01 00:00:00+00:00,83,1938,Youth Shelter,1121
2018-10-01 00:00:00+00:00,1031,18024,Single Adult Males,1122
2018-10-01 00:00:00+00:00,315,5692,Single Adult Females,1123
2018-10-01 00:00:00+00:00,85,1886,Single Youth 18 Under,1124
2018-10-01 00:00:00+00:00,414,40020,Family Units,1125
2018-10-01 00:00:00+00:00,434,40464,Family Households,1126
2018-09-01 00:00:00+00:00,2950,62852,All Clients,1127
2018-09-01 00:00:00+00:00,1468,24225,All Singles,1128
2018-09-01 00:00:00+00:00,1507,39055,Family Household Members,1129
2018-09-01 00:00:00+00:00,1486,38627,Family Member,1130
2018-09-01 00:00:00+00:00,21,428,Offsite/Overflow Singles,1131
2018-09-01 00:00:00+00:00,907,14633,Mens Shelter,1132
2018-09-01 00:00:00+00:00,229,4166,Womens Shelter,1133
2018-09-01 00:00:00+00:00,381,3201,Mixed-Gender,1134
2018-09-01 00:00:00+00:00,83,1797,Youth Shelter,1135
2018-09-01 00:00:00+00:00,1050,16903,Single Adult Males,1136
2018-09-01 00:00:00+00:00,333,5581,Single Adult Females,1137
2018-09-01 00:00:00+00:00,85,1741,Single Youth 18 Under,1138
2018-09-01 00:00:00+00:00,421,38627,Family Units,1139
2018-09-01 00:00:00+00:00,441,39055,Family Households,1140
2019-04-01 00:00:00+00:00,3007,67170,All Clients,1141
2019-04-01 00:00:00+00:00,1450,25491,All Singles,1142
2019-04-01 00:00:00+00:00,1593,42341,Family Household Members,1143
2019-04-01 00:00:00+00:00,1564,41679,Family Member,1144
2019-04-01 00:00:00+00:00,29,662,Offsite/Overflow Singles,1145
2019-04-01 00:00:00+00:00,905,15357,Mens Shelter,1146
2019-04-01 00:00:00+00:00,198,4126,Womens Shelter,1147
2019-04-01 00:00:00+00:00,413,3569,Mixed-Gender,1148
2019-04-01 00:00:00+00:00,75,1777,Youth Shelter,1149
2019-04-01 00:00:00+00:00,1085,18427,Single Adult Males,1150
2020-10-01 00:00:00+00:00,1663,47188,Family Household Members,1151
2020-10-01 00:00:00+00:00,1614,45989,Family Member,1152
2020-10-01 00:00:00+00:00,49,1199,Offsite/Overflow Singles,1153
2020-10-01 00:00:00+00:00,714,13218,Mens Shelter,1154
2020-10-01 00:00:00+00:00,133,2713,Womens Shelter,1155
2020-10-01 00:00:00+00:00,465,4330,Mixed-Gender,1156
2020-10-01 00:00:00+00:00,68,1847,Youth Shelter,1157
2020-10-01 00:00:00+00:00,923,16758,Single Adult Males,1158
2020-10-01 00:00:00+00:00,283,5034,Single Adult Females,1159
2020-10-01 00:00:00+00:00,60,1515,Single Youth 18 Under,1160
2020-10-01 00:00:00+00:00,466,45989,Family Units,1161
2020-10-01 00:00:00+00:00,514,47188,Family Households,1162
2020-09-01 00:00:00+00:00,2945,69114,All Clients,1163
2020-09-01 00:00:00+00:00,1229,22208,All Singles,1164
2020-09-01 00:00:00+00:00,1765,48095,Family Household Members,1165
2020-09-01 00:00:00+00:00,1718,46906,Family Member,1166
2020-09-01 00:00:00+00:00,47,1189,Offsite/Overflow Singles,1167
2020-09-01 00:00:00+00:00,740,12902,Mens Shelter,1168
2020-09-01 00:00:00+00:00,120,2828,Womens Shelter,1169
2020-09-01 00:00:00+00:00,433,3566,Mixed-Gender,1170
2020-09-01 00:00:00+00:00,67,1723,Youth Shelter,1171
2020-09-01 00:00:00+00:00,903,16136,Single Adult Males,1172
2020-09-01 00:00:00+00:00,273,4740,Single Adult Females,1173
2020-09-01 00:00:00+00:00,53,1332,Single Youth 18 Under,1174
2020-09-01 00:00:00+00:00,498,46906,Family Units,1175
2020-09-01 00:00:00+00:00,544,48095,Family Households,1176
2021-04-01 00:00:00+00:00,2525,58698,All Clients,1177
2021-04-01 00:00:00+00:00,1227,23142,All Singles,1178
2021-04-01 00:00:00+00:00,1380,37393,Family Household Members,1179
2021-04-01 00:00:00+00:00,445,37393,Family Households,1180
2021-04-01 00:00:00+00:00,1299,35556,Family Member,1181
2021-04-01 00:00:00+00:00,365,35556,Family Units,1182
2021-04-01 00:00:00+00:00,597,10404,Mens Shelter,1183
2021-04-01 00:00:00+00:00,366,4727,Mixed-Gender,1184
2021-04-01 00:00:00+00:00,81,1837,Offsite/Overflow Singles,1185
2021-04-01 00:00:00+00:00,343,6361,Single Adult Females,1186
2021-04-01 00:00:00+00:00,832,15531,Single Adult Males,1187
2021-04-01 00:00:00+00:00,52,1250,Single Youth 18 Under,1188
2021-04-01 00:00:00+00:00,259,4609,Womens Shelter,1189
2021-04-01 00:00:00+00:00,64,1565,Youth Shelter,1190
2021-08-01 00:00:00+00:00,2540,57100,All Clients,1191
2021-08-01 00:00:00+00:00,1310,22866,All Singles,1192
2021-08-01 00:00:00+00:00,1298,36040,Family Household Members,1193
2021-08-01 00:00:00+00:00,415,36040,Family Households,1194
2021-08-01 00:00:00+00:00,1230,34234,Family Member,1195
2021-08-01 00:00:00+00:00,348,34234,Family Units,1196
2021-08-01 00:00:00+00:00,687,11887,Mens Shelter,1197
2021-08-01 00:00:00+00:00,334,3517,Mixed-Gender,1198
2021-08-01 00:00:00+00:00,68,1806,Offsite/Overflow Singles,1199
2021-08-01 00:00:00+00:00,342,5438,Single Adult Females,1200
2021-08-01 00:00:00+00:00,906,15864,Single Adult Males,1201
2021-08-01 00:00:00+00:00,62,1564,Single Youth 18 Under,1202
2021-08-01 00:00:00+00:00,276,3947,Womens Shelter,1203
2021-08-01 00:00:00+00:00,70,1709,Youth Shelter,1204
2021-12-01 00:00:00+00:00,2660,60421,All Clients,1205
2021-12-01 00:00:00+00:00,1380,26181,All Singles,1206
2021-12-01 00:00:00+00:00,1361,35815,Family Household Members,1207
2021-12-01 00:00:00+00:00,429,35815,Family Households,1208
2021-12-01 00:00:00+00:00,1286,34298,Family Member,1209
2021-12-01 00:00:00+00:00,352,34298,Family Units,1210
2021-12-01 00:00:00+00:00,701,12950,Mens Shelter,1211
2021-12-01 00:00:00+00:00,519,6279,Mixed-Gender,1212
2021-12-01 00:00:00+00:00,77,1575,Offsite/Overflow Singles,1213
2021-12-01 00:00:00+00:00,345,6162,Single Adult Females,1214
2021-12-01 00:00:00+00:00,967,18349,Single Adult Males,1215
2021-12-01 00:00:00+00:00,68,1670,Single Youth 18 Under,1216
2021-12-01 00:00:00+00:00,226,3589,Womens Shelter,1217
2021-12-01 00:00:00+00:00,71,1788,Youth Shelter,1218
2021-02-01 00:00:00+00:00,2495,56322,All Clients,1219
2021-02-01 00:00:00+00:00,1153,22344,All Singles,1220
2021-02-01 00:00:00+00:00,1417,35421,Family Household Members,1221
2021-02-01 00:00:00+00:00,450,35421,Family Households,1222
2021-02-01 00:00:00+00:00,1346,33978,Family Member,1223
2021-02-01 00:00:00+00:00,379,33978,Family Units,1224
2021-02-01 00:00:00+00:00,504,9809,Mens Shelter,1225
2021-02-01 00:00:00+00:00,372,5130,Mixed-Gender,1226
2021-02-01 00:00:00+00:00,72,1443,Offsite/Overflow Singles,1227
2021-02-01 00:00:00+00:00,302,5982,Single Adult Females,1228
2021-02-01 00:00:00+00:00,804,15228,Single Adult Males,1229
2023-02-01 00:00:00+00:00,1093,18770,Single Adult Males,1230
2021-05-01 00:00:00+00:00,231,4417,Womens Shelter,1231
2022-09-01 00:00:00+00:00,1432,37326,Family Household Members,1232
2021-02-01 00:00:00+00:00,48,1134,Single Youth 18 Under,1233
2021-02-01 00:00:00+00:00,223,4472,Womens Shelter,1234
2021-02-01 00:00:00+00:00,66,1490,Youth Shelter,1235
2021-01-01 00:00:00+00:00,2618,63470,All Clients,1236
2021-01-01 00:00:00+00:00,1249,24407,All Singles,1237
2021-01-01 00:00:00+00:00,1438,40763,Family Household Members,1238
2021-01-01 00:00:00+00:00,458,40763,Family Households,1239
2021-01-01 00:00:00+00:00,1369,39063,Family Member,1240
2021-01-01 00:00:00+00:00,390,39063,Family Units,1241
2021-01-01 00:00:00+00:00,640,12481,Mens Shelter,1242
2021-01-01 00:00:00+00:00,409,4384,Mixed-Gender,1243
2021-01-01 00:00:00+00:00,69,1700,Offsite/Overflow Singles,1244
2021-01-01 00:00:00+00:00,334,6067,Single Adult Females,1245
2021-01-01 00:00:00+00:00,860,16917,Single Adult Males,1246
2021-01-01 00:00:00+00:00,56,1423,Single Youth 18 Under,1247
2021-01-01 00:00:00+00:00,237,4110,Womens Shelter,1248
2021-01-01 00:00:00+00:00,66,1732,Youth Shelter,1249
2021-07-01 00:00:00+00:00,2438,55518,All Clients,1250
2021-07-01 00:00:00+00:00,1230,21681,All Singles,1251
2021-07-01 00:00:00+00:00,1289,35571,Family Household Members,1252
2021-07-01 00:00:00+00:00,425,35571,Family Households,1253
2022-03-01 00:00:00+00:00,86,2089,Offsite/Overflow Singles,1254
2021-07-01 00:00:00+00:00,1211,33837,Family Member,1255
2022-03-01 00:00:00+00:00,358,6802,Single Adult Females,1256
2023-02-01 00:00:00+00:00,57,1248,Single Youth 18 Under,1257
2022-03-01 00:00:00+00:00,1040,21041,Single Adult Males,1258
2022-09-01 00:00:00+00:00,445,37326,Family Households,1259
2023-02-01 00:00:00+00:00,228,3280,Womens Shelter,1260
2022-03-01 00:00:00+00:00,77,1731,Single Youth 18 Under,1261
2022-09-01 00:00:00+00:00,1375,35795,Family Member,1262
2023-02-01 00:00:00+00:00,62,1477,Youth Shelter,1263
2022-03-01 00:00:00+00:00,199,3473,Womens Shelter,1264
2021-05-01 00:00:00+00:00,67,1559,Youth Shelter,1265
2022-09-01 00:00:00+00:00,386,35795,Family Units,1266
2023-01-01 00:00:00+00:00,3055,70863,All Clients,1267
2022-03-01 00:00:00+00:00,72,1728,Youth Shelter,1268
2021-07-01 00:00:00+00:00,348,33837,Family Units,1269
2021-11-01 00:00:00+00:00,2633,58334,All Clients,1270
2022-09-01 00:00:00+00:00,776,13896,Mens Shelter,1271
2023-01-01 00:00:00+00:00,1515,28392,All Singles,1272
2022-05-01 00:00:00+00:00,2693,60053,All Clients,1273
2021-07-01 00:00:00+00:00,634,11433,Mens Shelter,1274
2021-11-01 00:00:00+00:00,1358,25874,All Singles,1275
2022-09-01 00:00:00+00:00,379,5008,Mixed-Gender,1276
2023-01-01 00:00:00+00:00,1592,43736,Family Household Members,1277
2022-05-01 00:00:00+00:00,1435,26059,All Singles,1278
2021-07-01 00:00:00+00:00,326,3592,Mixed-Gender,1279
2021-11-01 00:00:00+00:00,1364,34370,Family Household Members,1280
2022-09-01 00:00:00+00:00,60,1531,Offsite/Overflow Singles,1281
2023-01-01 00:00:00+00:00,470,43736,Family Households,1282
2022-05-01 00:00:00+00:00,1318,35261,Family Household Members,1283
2021-07-01 00:00:00+00:00,78,1734,Offsite/Overflow Singles,1284
2021-11-01 00:00:00+00:00,447,34370,Family Households,1285
2022-09-01 00:00:00+00:00,355,6415,Single Adult Females,1286
2023-01-01 00:00:00+00:00,1546,42471,Family Member,1287
2022-05-01 00:00:00+00:00,414,35261,Family Households,1288
2021-07-01 00:00:00+00:00,304,4887,Single Adult Females,1289
2021-11-01 00:00:00+00:00,1277,32460,Family Member,1290
2022-09-01 00:00:00+00:00,965,17703,Single Adult Males,1291
2023-01-01 00:00:00+00:00,425,42471,Family Units,1292
2022-05-01 00:00:00+00:00,1251,33695,Family Member,1293
2021-07-01 00:00:00+00:00,866,15432,Single Adult Males,1294
2021-11-01 00:00:00+00:00,360,32460,Family Units,1295
2022-09-01 00:00:00+00:00,63,1587,Single Youth 18 Under,1296
2023-01-01 00:00:00+00:00,889,16022,Mens Shelter,1297
2022-05-01 00:00:00+00:00,348,33695,Family Units,1298
2021-07-01 00:00:00+00:00,60,1362,Single Youth 18 Under,1299
2021-11-01 00:00:00+00:00,664,12552,Mens Shelter,1300
2022-09-01 00:00:00+00:00,211,3555,Womens Shelter,1301
2023-01-01 00:00:00+00:00,532,5972,Mixed-Gender,1302
2022-05-01 00:00:00+00:00,730,12612,Mens Shelter,1303
2021-07-01 00:00:00+00:00,224,3321,Womens Shelter,1304
2021-11-01 00:00:00+00:00,465,5201,Mixed-Gender,1305
2022-09-01 00:00:00+00:00,69,1715,Youth Shelter,1306
2023-01-01 00:00:00+00:00,46,1265,Offsite/Overflow Singles,1307
2022-05-01 00:00:00+00:00,538,6916,Mixed-Gender,1308
2021-07-01 00:00:00+00:00,65,1601,Youth Shelter,1309
2021-11-01 00:00:00+00:00,88,1910,Offsite/Overflow Singles,1310
2023-04-01 00:00:00+00:00,2948,66270,All Clients,1311
2023-01-01 00:00:00+00:00,351,6231,Single Adult Females,1312
2022-05-01 00:00:00+00:00,67,1566,Offsite/Overflow Singles,1313
2021-06-01 00:00:00+00:00,2434,53859,All Clients,1314
2021-11-01 00:00:00+00:00,351,6367,Single Adult Females,1315
2023-04-01 00:00:00+00:00,1475,26404,All Singles,1316
2023-01-01 00:00:00+00:00,1104,20611,Single Adult Males,1317
2022-05-01 00:00:00+00:00,367,6223,Single Adult Females,1318
2021-06-01 00:00:00+00:00,1216,21705,All Singles,1319
2021-11-01 00:00:00+00:00,938,17959,Single Adult Males,1320
2023-04-01 00:00:00+00:00,1530,41407,Family Household Members,1321
2023-01-01 00:00:00+00:00,62,1550,Single Youth 18 Under,1322
2022-05-01 00:00:00+00:00,1007,18320,Single Adult Males,1323
2021-06-01 00:00:00+00:00,1299,33941,Family Household Members,1324
2021-11-01 00:00:00+00:00,69,1548,Single Youth 18 Under,1325
2023-04-01 00:00:00+00:00,470,41407,Family Households,1326
2023-01-01 00:00:00+00:00,218,3596,Womens Shelter,1327
2022-05-01 00:00:00+00:00,62,1516,Single Youth 18 Under,1328
2021-06-01 00:00:00+00:00,427,33941,Family Households,1329
2021-11-01 00:00:00+00:00,275,4465,Womens Shelter,1330
2023-04-01 00:00:00+00:00,1471,39853,Family Member,1331
2023-01-01 00:00:00+00:00,69,1537,Youth Shelter,1332
2022-05-01 00:00:00+00:00,212,3270,Womens Shelter,1333
2021-06-01 00:00:00+00:00,1220,32154,Family Member,1334
2023-04-01 00:00:00+00:00,412,39853,Family Units,1335
2021-11-01 00:00:00+00:00,69,1746,Youth Shelter,1336
2023-04-01 00:00:00+00:00,832,14538,Mens Shelter,1337
2022-05-01 00:00:00+00:00,64,1695,Youth Shelter,1338
2023-07-01 00:00:00+00:00,2988,67712,All Clients,1339
2023-04-01 00:00:00+00:00,433,3391,Mixed-Gender,1340
2021-10-01 00:00:00+00:00,2608,58761,All Clients,1341
2021-06-01 00:00:00+00:00,349,32154,Family Units,1342
2023-04-01 00:00:00+00:00,59,1554,Offsite/Overflow Singles,1343
2023-07-01 00:00:00+00:00,1535,27324,All Singles,1344
2022-11-01 00:00:00+00:00,2969,65728,All Clients,1345
2021-06-01 00:00:00+00:00,594,10776,Mens Shelter,1346
2021-10-01 00:00:00+00:00,1376,25540,All Singles,1347
2023-04-01 00:00:00+00:00,371,6606,Single Adult Females,1348
2023-07-01 00:00:00+00:00,1527,42070,Family Household Members,1349
2022-11-01 00:00:00+00:00,1454,26345,All Singles,1350
2021-06-01 00:00:00+00:00,345,4051,Mixed-Gender,1351
2021-10-01 00:00:00+00:00,1309,34979,Family Household Members,1352
2023-04-01 00:00:00+00:00,1053,18500,Single Adult Males,1353
2023-07-01 00:00:00+00:00,479,42070,Family Households,1354
2022-11-01 00:00:00+00:00,1579,40771,Family Household Members,1355
2021-06-01 00:00:00+00:00,79,1787,Offsite/Overflow Singles,1356
2021-10-01 00:00:00+00:00,428,34979,Family Households,1357
2023-04-01 00:00:00+00:00,51,1298,Single Youth 18 Under,1358
2023-07-01 00:00:00+00:00,1453,40179,Family Member,1359
2022-11-01 00:00:00+00:00,482,40771,Family Households,1360
2021-06-01 00:00:00+00:00,329,5395,Single Adult Females,1361
2021-10-01 00:00:00+00:00,1236,33220,Family Member,1362
2023-04-01 00:00:00+00:00,306,4958,Womens Shelter,1363
2023-07-01 00:00:00+00:00,405,40179,Family Units,1364
2022-11-01 00:00:00+00:00,1523,39385,Family Member,1365
2021-06-01 00:00:00+00:00,834,15044,Single Adult Males,1366
2021-10-01 00:00:00+00:00,352,33220,Family Units,1367
2023-04-01 00:00:00+00:00,67,1712,Youth Shelter,1368
2023-07-01 00:00:00+00:00,852,14693,Mens Shelter,1369
2022-11-01 00:00:00+00:00,424,39385,Family Units,1370
2021-06-01 00:00:00+00:00,53,1266,Single Youth 18 Under,1371
2021-10-01 00:00:00+00:00,697,12700,Mens Shelter,1372
2023-08-01 00:00:00+00:00,2984,68800,All Clients,1373
2023-07-01 00:00:00+00:00,376,3045,Mixed-Gender,1374
2022-11-01 00:00:00+00:00,814,14452,Mens Shelter,1375
2021-06-01 00:00:00+00:00,245,3618,Womens Shelter,1376
2021-10-01 00:00:00+00:00,388,4292,Mixed-Gender,1377
2023-08-01 00:00:00+00:00,1532,28254,All Singles,1378
2023-07-01 00:00:00+00:00,75,1891,Offsite/Overflow Singles,1379
2022-11-01 00:00:00+00:00,525,5413,Mixed-Gender,1380
2021-06-01 00:00:00+00:00,67,1473,Youth Shelter,1381
2021-10-01 00:00:00+00:00,77,1759,Offsite/Overflow Singles,1382
2023-08-01 00:00:00+00:00,1519,41958,Family Household Members,1383
2023-07-01 00:00:00+00:00,402,7321,Single Adult Females,1384
2022-11-01 00:00:00+00:00,59,1388,Offsite/Overflow Singles,1385
2021-03-01 00:00:00+00:00,2572,62873,All Clients,1386
2021-10-01 00:00:00+00:00,366,6457,Single Adult Females,1387
2023-08-01 00:00:00+00:00,476,41958,Family Households,1388
2023-07-01 00:00:00+00:00,1072,18447,Single Adult Males,1389
2022-11-01 00:00:00+00:00,332,5930,Single Adult Females,1390
2021-03-01 00:00:00+00:00,1251,25473,All Singles,1391
2021-10-01 00:00:00+00:00,947,17394,Single Adult Males,1392
2023-08-01 00:00:00+00:00,1445,39890,Family Member,1393
2023-07-01 00:00:00+00:00,61,1556,Single Youth 18 Under,1394
2022-11-01 00:00:00+00:00,1053,18776,Single Adult Males,1395
2021-03-01 00:00:00+00:00,1406,39425,Family Household Members,1396
2021-10-01 00:00:00+00:00,63,1689,Single Youth 18 Under,1397
2023-08-01 00:00:00+00:00,400,39890,Family Units,1398
2023-07-01 00:00:00+00:00,229,3661,Womens Shelter,1399
2022-11-01 00:00:00+00:00,69,1639,Single Youth 18 Under,1400
2021-03-01 00:00:00+00:00,451,39425,Family Households,1401
2021-10-01 00:00:00+00:00,295,4925,Womens Shelter,1402
2023-08-01 00:00:00+00:00,817,14732,Mens Shelter,1403
2023-07-01 00:00:00+00:00,68,1794,Youth Shelter,1404
2022-11-01 00:00:00+00:00,214,3509,Womens Shelter,1405
2021-03-01 00:00:00+00:00,1321,37400,Family Member,1406
2021-10-01 00:00:00+00:00,68,1865,Youth Shelter,1407
2023-08-01 00:00:00+00:00,454,3327,Mixed-Gender,1408
2023-06-01 00:00:00+00:00,2996,65354,All Clients,1409
2022-11-01 00:00:00+00:00,65,1583,Youth Shelter,1410
2021-03-01 00:00:00+00:00,367,37400,Family Units,1411
2021-09-01 00:00:00+00:00,2568,56642,All Clients,1412
2023-08-01 00:00:00+00:00,77,2068,Offsite/Overflow Singles,1413
2023-06-01 00:00:00+00:00,1545,25877,All Singles,1414
2022-10-01 00:00:00+00:00,2774,66481,All Clients,1415
2021-03-01 00:00:00+00:00,590,11186,Mens Shelter,1416
2021-09-01 00:00:00+00:00,1330,23564,All Singles,1417
2023-08-01 00:00:00+00:00,415,7793,Single Adult Females,1418
2023-06-01 00:00:00+00:00,1524,40995,Family Household Members,1419
2022-10-01 00:00:00+00:00,1406,27087,All Singles,1420
2021-03-01 00:00:00+00:00,394,5518,Mixed-Gender,1421
2021-09-01 00:00:00+00:00,1315,34686,Family Household Members,1422
2023-08-01 00:00:00+00:00,1052,18738,Single Adult Males,1423
2023-06-01 00:00:00+00:00,476,40995,Family Households,1424
2022-10-01 00:00:00+00:00,1420,40769,Family Household Members,1425
2021-03-01 00:00:00+00:00,85,2025,Offsite/Overflow Singles,1426
2021-09-01 00:00:00+00:00,423,34686,Family Households,1427
2023-08-01 00:00:00+00:00,65,1723,Single Youth 18 Under,1428
2023-06-01 00:00:00+00:00,1450,39340,Family Member,1429
2022-10-01 00:00:00+00:00,433,40769,Family Households,1430
2021-03-01 00:00:00+00:00,345,7099,Single Adult Females,1431
2021-09-01 00:00:00+00:00,1244,33078,Family Member,1432
2023-08-01 00:00:00+00:00,216,3993,Womens Shelter,1433
2023-06-01 00:00:00+00:00,403,39340,Family Units,1434
2022-10-01 00:00:00+00:00,1367,39375,Family Member,1435
2021-03-01 00:00:00+00:00,860,17117,Single Adult Males,1436
2023-08-01 00:00:00+00:00,74,1891,Youth Shelter,1437
2021-09-01 00:00:00+00:00,350,33078,Family Units,1438
2023-06-01 00:00:00+00:00,855,14211,Mens Shelter,1439
2022-10-01 00:00:00+00:00,381,39375,Family Units,1440
2021-03-01 00:00:00+00:00,46,1257,Single Youth 18 Under,1441
2023-06-01 00:00:00+00:00,388,2934,Mixed-Gender,1442
2022-10-01 00:00:00+00:00,782,14766,Mens Shelter,1443
2021-09-01 00:00:00+00:00,672,11859,Mens Shelter,1444
2023-02-01 00:00:00+00:00,3022,64060,All Clients,1445
2021-03-01 00:00:00+00:00,258,5078,Womens Shelter,1446
2023-06-01 00:00:00+00:00,74,1655,Offsite/Overflow Singles,1447
2022-10-01 00:00:00+00:00,476,5412,Mixed-Gender,1448
2021-09-01 00:00:00+00:00,347,3823,Mixed-Gender,1449
2023-02-01 00:00:00+00:00,1516,25872,All Singles,1450
2021-03-01 00:00:00+00:00,61,1666,Youth Shelter,1451
2023-06-01 00:00:00+00:00,407,6642,Single Adult Females,1452
2022-10-01 00:00:00+00:00,53,1394,Offsite/Overflow Singles,1453
2021-09-01 00:00:00+00:00,74,1608,Offsite/Overflow Singles,1454
2023-02-01 00:00:00+00:00,1563,39255,Family Household Members,1455
2021-05-01 00:00:00+00:00,2482,57046,All Clients,1456
2023-06-01 00:00:00+00:00,1079,17853,Single Adult Males,1457
2022-10-01 00:00:00+00:00,331,6510,Single Adult Females,1458
2021-09-01 00:00:00+00:00,358,5915,Single Adult Females,1459
2023-02-01 00:00:00+00:00,470,39255,Family Households,1460
2021-05-01 00:00:00+00:00,1212,22764,All Singles,1461
2023-06-01 00:00:00+00:00,59,1382,Single Youth 18 Under,1462
2022-10-01 00:00:00+00:00,1012,18952,Single Adult Males,1463
2021-09-01 00:00:00+00:00,910,16155,Single Adult Males,1464
2023-02-01 00:00:00+00:00,1509,38188,Family Member,1465
2021-05-01 00:00:00+00:00,1347,36035,Family Household Members,1466
2023-06-01 00:00:00+00:00,218,3327,Womens Shelter,1467
2022-10-01 00:00:00+00:00,63,1625,Single Youth 18 Under,1468
2021-09-01 00:00:00+00:00,62,1494,Single Youth 18 Under,1469
2023-02-01 00:00:00+00:00,416,38188,Family Units,1470
2021-05-01 00:00:00+00:00,434,36035,Family Households,1471
2023-06-01 00:00:00+00:00,70,1806,Youth Shelter,1472
2022-10-01 00:00:00+00:00,210,3748,Womens Shelter,1473
2021-09-01 00:00:00+00:00,292,4501,Womens Shelter,1474
2023-02-01 00:00:00+00:00,871,14581,Mens Shelter,1475
2021-05-01 00:00:00+00:00,1270,34282,Family Member,1476
2023-03-01 00:00:00+00:00,2958,69798,All Clients,1477
2022-10-01 00:00:00+00:00,66,1767,Youth Shelter,1478
2021-09-01 00:00:00+00:00,72,1773,Youth Shelter,1479
2023-02-01 00:00:00+00:00,537,5467,Mixed-Gender,1480
2021-05-01 00:00:00+00:00,358,34282,Family Units,1481
2023-03-01 00:00:00+00:00,1479,28253,All Singles,1482
2022-09-01 00:00:00+00:00,2758,61624,All Clients,1483
2022-04-01 00:00:00+00:00,2644,61071,All Clients,1484
2023-02-01 00:00:00+00:00,55,1067,Offsite/Overflow Singles,1485
2021-05-01 00:00:00+00:00,581,10392,Mens Shelter,1486
2023-03-01 00:00:00+00:00,1537,42853,Family Household Members,1487
2022-09-01 00:00:00+00:00,1383,25705,All Singles,1488
2022-04-01 00:00:00+00:00,1412,27541,All Singles,1489
2023-02-01 00:00:00+00:00,366,5854,Single Adult Females,1490
2021-05-01 00:00:00+00:00,378,4643,Mixed-Gender,1491
2023-03-01 00:00:00+00:00,467,42853,Family Households,1492
2022-04-01 00:00:00+00:00,1302,35011,Family Household Members,1493
2021-05-01 00:00:00+00:00,77,1753,Offsite/Overflow Singles,1494
2022-04-01 00:00:00+00:00,413,35011,Family Households,1495
2021-05-01 00:00:00+00:00,329,6304,Single Adult Females,1496
2022-04-01 00:00:00+00:00,1232,33242,Family Member,1497
2021-05-01 00:00:00+00:00,831,15261,Single Adult Males,1498
2022-04-01 00:00:00+00:00,343,33242,Family Units,1499
2021-05-01 00:00:00+00:00,52,1199,Single Youth 18 Under,1500
2022-01-01 00:00:00+00:00,2647,63682,All Clients,1501
2022-01-01 00:00:00+00:00,1375,28802,All Singles,1502
2022-01-01 00:00:00+00:00,1359,36650,Family Household Members,1503
2022-01-01 00:00:00+00:00,437,36650,Family Households,1504
2022-01-01 00:00:00+00:00,1287,34907,Family Member,1505
2022-01-01 00:00:00+00:00,355,34907,Family Units,1506
2022-01-01 00:00:00+00:00,564,12800,Mens Shelter,1507
2022-01-01 00:00:00+00:00,605,8738,Mixed-Gender,1508
2022-01-01 00:00:00+00:00,84,1785,Offsite/Overflow Singles,1509
2022-01-01 00:00:00+00:00,349,6642,Single Adult Females,1510
2022-01-01 00:00:00+00:00,957,20400,Single Adult Males,1511
2022-01-01 00:00:00+00:00,69,1760,Single Youth 18 Under,1512
2022-01-01 00:00:00+00:00,212,3742,Womens Shelter,1513
2022-01-01 00:00:00+00:00,64,1752,Youth Shelter,1514
2022-07-01 00:00:00+00:00,2655,60798,All Clients,1515
2022-07-01 00:00:00+00:00,1362,25209,All Singles,1516
2022-07-01 00:00:00+00:00,1329,36421,Family Household Members,1517
2022-07-01 00:00:00+00:00,402,36421,Family Households,1518
2022-07-01 00:00:00+00:00,1289,35375,Family Member,1519
2022-07-01 00:00:00+00:00,363,35375,Family Units,1520
2022-07-01 00:00:00+00:00,774,13809,Mens Shelter,1521
2022-07-01 00:00:00+00:00,373,5235,Mixed-Gender,1522
2022-07-01 00:00:00+00:00,40,1046,Offsite/Overflow Singles,1523
2022-07-01 00:00:00+00:00,340,6095,Single Adult Females,1524
2022-07-01 00:00:00+00:00,972,17950,Single Adult Males,1525
2022-07-01 00:00:00+00:00,50,1164,Single Youth 18 Under,1526
2022-07-01 00:00:00+00:00,208,3383,Womens Shelter,1527
2022-07-01 00:00:00+00:00,72,1736,Youth Shelter,1528
2022-06-01 00:00:00+00:00,2650,57793,All Clients,1529
2022-06-01 00:00:00+00:00,1366,24674,All Singles,1530
2022-06-01 00:00:00+00:00,1335,34182,Family Household Members,1531
2022-06-01 00:00:00+00:00,413,34182,Family Households,1532
2022-06-01 00:00:00+00:00,1277,32879,Family Member,1533
2022-06-01 00:00:00+00:00,356,32879,Family Units,1534
2022-06-01 00:00:00+00:00,770,13256,Mens Shelter,1535
2022-06-01 00:00:00+00:00,408,5183,Mixed-Gender,1536
2022-06-01 00:00:00+00:00,58,1303,Offsite/Overflow Singles,1537
2022-06-01 00:00:00+00:00,344,6041,Single Adult Females,1538
2022-06-01 00:00:00+00:00,967,17363,Single Adult Males,1539
2022-06-01 00:00:00+00:00,56,1270,Single Youth 18 Under,1540
2022-06-01 00:00:00+00:00,186,3278,Womens Shelter,1541
2022-06-01 00:00:00+00:00,71,1654,Youth Shelter,1542
2022-03-01 00:00:00+00:00,2784,65097,All Clients,1543
2022-03-01 00:00:00+00:00,1473,29574,All Singles,1544
2022-03-01 00:00:00+00:00,1397,37533,Family Household Members,1545
2022-03-01 00:00:00+00:00,442,37533,Family Households,1546
2022-03-01 00:00:00+00:00,1316,35474,Family Member,1547
2022-03-01 00:00:00+00:00,356,35474,Family Units,1548
2022-03-01 00:00:00+00:00,655,12088,Mens Shelter,1549
2022-03-01 00:00:00+00:00,689,10185,Mixed-Gender,1550
2022-04-01 00:00:00+00:00,596,11503,Mens Shelter,1551
2022-04-01 00:00:00+00:00,667,9421,Mixed-Gender,1552
2022-04-01 00:00:00+00:00,71,1769,Offsite/Overflow Singles,1553
2022-04-01 00:00:00+00:00,350,6343,Single Adult Females,1554
2022-04-01 00:00:00+00:00,997,19605,Single Adult Males,1555
2022-04-01 00:00:00+00:00,65,1593,Single Youth 18 Under,1556
2022-04-01 00:00:00+00:00,188,3195,Womens Shelter,1557
2022-04-01 00:00:00+00:00,62,1627,Youth Shelter,1558
2022-08-01 00:00:00+00:00,2760,62765,All Clients,1559
2022-08-01 00:00:00+00:00,1406,25651,All Singles,1560
2022-08-01 00:00:00+00:00,1408,38300,Family Household Members,1561
2022-08-01 00:00:00+00:00,440,38300,Family Households,1562
2022-08-01 00:00:00+00:00,1350,36962,Family Member,1563
2022-08-01 00:00:00+00:00,383,36962,Family Units,1564
2022-08-01 00:00:00+00:00,792,13770,Mens Shelter,1565
2022-08-01 00:00:00+00:00,403,5170,Mixed-Gender,1566
2022-08-01 00:00:00+00:00,58,1338,Offsite/Overflow Singles,1567
2022-08-01 00:00:00+00:00,359,6401,Single Adult Females,1568
2022-08-01 00:00:00+00:00,984,17825,Single Adult Males,1569
2022-08-01 00:00:00+00:00,63,1425,Single Youth 18 Under,1570
2022-08-01 00:00:00+00:00,218,3597,Womens Shelter,1571
2022-08-01 00:00:00+00:00,67,1776,Youth Shelter,1572
2022-12-01 00:00:00+00:00,2994,68378,All Clients,1573
2022-12-01 00:00:00+00:00,1493,27137,All Singles,1574
2022-12-01 00:00:00+00:00,1558,42395,Family Household Members,1575
2022-12-01 00:00:00+00:00,474,42395,Family Households,1576
2022-12-01 00:00:00+00:00,1504,41241,Family Member,1577
2022-12-01 00:00:00+00:00,420,41241,Family Units,1578
2022-12-01 00:00:00+00:00,878,15260,Mens Shelter,1579
2022-12-01 00:00:00+00:00,541,5593,Mixed-Gender,1580
2022-12-01 00:00:00+00:00,55,1154,Offsite/Overflow Singles,1581
2022-12-01 00:00:00+00:00,335,5953,Single Adult Females,1582
2022-12-01 00:00:00+00:00,1085,19584,Single Adult Males,1583
2022-12-01 00:00:00+00:00,73,1600,Single Youth 18 Under,1584
2022-12-01 00:00:00+00:00,212,3603,Womens Shelter,1585
2022-12-01 00:00:00+00:00,63,1527,Youth Shelter,1586
2022-02-01 00:00:00+00:00,2722,57537,All Clients,1587
2022-02-01 00:00:00+00:00,1468,26735,All Singles,1588
2022-02-01 00:00:00+00:00,1336,32569,Family Household Members,1589
2022-02-01 00:00:00+00:00,423,32569,Family Households,1590
2022-02-01 00:00:00+00:00,1259,30858,Family Member,1591
2022-02-01 00:00:00+00:00,346,30858,Family Units,1592
2022-02-01 00:00:00+00:00,651,10884,Mens Shelter,1593
2022-02-01 00:00:00+00:00,683,9381,Mixed-Gender,1594
2022-02-01 00:00:00+00:00,79,1767,Offsite/Overflow Singles,1595
2022-02-01 00:00:00+00:00,353,6086,Single Adult Females,1596
2022-02-01 00:00:00+00:00,1049,19115,Single Adult Males,1597
2022-02-01 00:00:00+00:00,67,1534,Single Youth 18 Under,1598
2022-02-01 00:00:00+00:00,199,3096,Womens Shelter,1599
2022-02-01 00:00:00+00:00,65,1607,Youth Shelter,1600
2023-03-01 00:00:00+00:00,1482,41537,Family Member,1601
2023-03-01 00:00:00+00:00,412,41537,Family Units,1602
2023-03-01 00:00:00+00:00,889,15154,Mens Shelter,1603
2023-03-01 00:00:00+00:00,562,5140,Mixed-Gender,1604
2023-03-01 00:00:00+00:00,56,1316,Offsite/Overflow Singles,1605
2023-03-01 00:00:00+00:00,348,6893,Single Adult Females,1606
2023-03-01 00:00:00+00:00,1079,20021,Single Adult Males,1607
2023-03-01 00:00:00+00:00,52,1339,Single Youth 18 Under,1608
2023-03-01 00:00:00+00:00,275,4922,Womens Shelter,1609
2023-03-01 00:00:00+00:00,64,1729,Youth Shelter,1610
2023-05-01 00:00:00+00:00,2969,66708,All Clients,1611
2023-05-01 00:00:00+00:00,1496,26716,All Singles,1612
2023-05-01 00:00:00+00:00,1536,41551,Family Household Members,1613
2023-05-01 00:00:00+00:00,476,41551,Family Households,1614
2023-05-01 00:00:00+00:00,1474,39901,Family Member,1615
2023-05-01 00:00:00+00:00,412,39901,Family Units,1616
2023-05-01 00:00:00+00:00,846,14696,Mens Shelter,1617
2023-05-01 00:00:00+00:00,414,3122,Mixed-Gender,1618
2023-05-01 00:00:00+00:00,65,1650,Offsite/Overflow Singles,1619
2023-05-01 00:00:00+00:00,365,6661,Single Adult Females,1620
2023-05-01 00:00:00+00:00,1075,18655,Single Adult Males,1621
2023-05-01 00:00:00+00:00,56,1400,Single Youth 18 Under,1622
2023-05-01 00:00:00+00:00,197,3472,Womens Shelter,1623
2023-05-01 00:00:00+00:00,70,1826,Youth Shelter,1624
2023-09-01 00:00:00+00:00,3026,66858,All Clients,1625
2023-09-01 00:00:00+00:00,1559,28087,All Singles,1626
2023-09-01 00:00:00+00:00,1501,38866,Family Household Members,1627
2023-09-01 00:00:00+00:00,468,38866,Family Households,1628
2023-09-01 00:00:00+00:00,1426,36973,Family Member,1629
2023-09-01 00:00:00+00:00,393,36973,Family Units,1630
2023-09-01 00:00:00+00:00,823,14498,Mens Shelter,1631
2023-09-01 00:00:00+00:00,513,3677,Mixed-Gender,1632
2023-09-01 00:00:00+00:00,76,1893,Offsite/Overflow Singles,1633
2023-09-01 00:00:00+00:00,407,7734,Single Adult Females,1634
2023-09-01 00:00:00+00:00,1086,18617,Single Adult Males,1635
2023-09-01 00:00:00+00:00,66,1736,Single Youth 18 Under,1636
2023-09-01 00:00:00+00:00,201,3990,Womens Shelter,1637
2023-09-01 00:00:00+00:00,64,1772,Youth Shelter,1638
